-- phpMyAdmin SQL Dump
-- version 5.2.1
-- https://www.phpmyadmin.net/
--
-- Host: 127.0.0.1
-- Generation Time: Apr 21, 2024 at 06:25 AM
-- Server version: 10.4.28-MariaDB
-- PHP Version: 8.2.4

SET SQL_MODE = "NO_AUTO_VALUE_ON_ZERO";
START TRANSACTION;
SET time_zone = "+00:00";


/*!40101 SET @OLD_CHARACTER_SET_CLIENT=@@CHARACTER_SET_CLIENT */;
/*!40101 SET @OLD_CHARACTER_SET_RESULTS=@@CHARACTER_SET_RESULTS */;
/*!40101 SET @OLD_COLLATION_CONNECTION=@@COLLATION_CONNECTION */;
/*!40101 SET NAMES utf8mb4 */;

--
-- Database: `db_dropshipping`
--

-- --------------------------------------------------------

--
-- Table structure for table `brands`
--

CREATE TABLE `brands` (
  `id` int(11) NOT NULL,
  `name` varchar(255) DEFAULT NULL,
  `slug` varchar(255) DEFAULT NULL,
  `status` int(11) DEFAULT NULL,
  `created_at` datetime DEFAULT current_timestamp(),
  `updated_at` datetime DEFAULT current_timestamp()
) ENGINE=InnoDB DEFAULT CHARSET=utf8mb4 COLLATE=utf8mb4_general_ci;

-- --------------------------------------------------------

--
-- Table structure for table `categorys`
--

CREATE TABLE `categorys` (
  `id` bigint(11) NOT NULL,
  `name` varchar(255) DEFAULT NULL,
  `percentage_amt` varchar(100) DEFAULT NULL COMMENT '%',
  `slug` varchar(255) DEFAULT NULL,
  `description` text DEFAULT NULL,
  `meta_title` varchar(255) DEFAULT NULL,
  `meta_description` text DEFAULT NULL,
  `meta_keyword` varchar(255) DEFAULT NULL,
  `parent_id` int(11) DEFAULT 0,
  `sort_order` int(11) DEFAULT 0,
  `file` varchar(255) DEFAULT NULL,
  `bg_images` varchar(255) DEFAULT NULL,
  `store_images` varchar(255) DEFAULT NULL,
  `status` int(11) DEFAULT NULL,
  `mobile_view_class` varchar(255) DEFAULT NULL,
  `keyword` varchar(255) DEFAULT NULL,
  `created_at` varchar(255) DEFAULT NULL,
  `updated_at` varchar(255) DEFAULT NULL
) ENGINE=InnoDB DEFAULT CHARSET=utf8mb4 COLLATE=utf8mb4_general_ci;

--
-- Dumping data for table `categorys`
--

INSERT INTO `categorys` (`id`, `name`, `percentage_amt`, `slug`, `description`, `meta_title`, `meta_description`, `meta_keyword`, `parent_id`, `sort_order`, `file`, `bg_images`, `store_images`, `status`, `mobile_view_class`, `keyword`, `created_at`, `updated_at`) VALUES
(1, 'New Agency Store', '8', 'new-agency-store', '', '', '', '', 0, 0, NULL, NULL, '/backend/files/ZrJ9EHIw5shs3g1YhOGi.png', 1, NULL, '', '2024-03-29 13:22:59', '2024-04-20 09:28:20'),
(2, 'General Agency Store', 'null', 'general-agency-store', '', '', '', '', 0, 0, NULL, NULL, '/backend/files/wqH66hUHtVqvJ4zrFuJu.png', 1, NULL, '', '2024-03-29 13:23:23', '2024-04-20 09:30:09'),
(3, 'Super Agency Store', 'null', 'super-agency-store', '', '', '', '', 0, 0, NULL, NULL, '/backend/files/0kveKydZsQRDpNg4TseM.png', 1, NULL, '', '2024-03-29 13:23:50', '2024-04-20 09:30:27'),
(4, 'Mega Agency Store', 'null', 'mega-agency-store', '', '', '', '', 0, 0, NULL, NULL, '/backend/files/pyBCBdNoQ1nCVWWtOCbE.png', 1, NULL, '', '2024-03-29 13:24:10', '2024-04-20 09:30:39'),
(5, 'Nerf', '', 'nerf', '', '', '', '', 1, 0, '/backend/files/smigY3VKzQuqiA5sm0pi.png', '/backend/files/LDQ3KyMMVxWjYHQpXnNZ.png', NULL, 1, NULL, 'Nerf', '2024-03-29 13:36:55', '2024-04-18 04:05:13'),
(6, 'Lego', NULL, 'lego', '', '', '', '', 2, 0, '/backend/files/oaydn9bu4JWQeVQQdRbF.png', '/backend/files/plQB74mP28fmF6HmFhwn.png', NULL, 1, NULL, 'Lego', '2024-03-29 13:38:06', '2024-03-29 13:38:06'),
(7, 'Lego', NULL, 'lego', '', '', '', '', 3, 0, '/backend/files/AFiAnSb13YkjiOi9YOQo.png', '/backend/files/Q7Y6xeUqUpBXjdgBecXL.png', NULL, 1, NULL, 'Lego', '2024-03-29 13:38:34', '2024-03-29 13:38:34'),
(8, 'Lego', NULL, 'lego', '', '', '', '', 4, 0, '/backend/files/xJe9wR4cLKB7VYamYN6y.png', '/backend/files/rAiu7XEAbEiFi8IV9bWs.png', NULL, 1, NULL, 'Lego', '2024-03-29 13:39:49', '2024-03-29 13:39:49'),
(9, 'Marvel', '', 'marvel', '', '', '', '', 1, 0, '/backend/files/IKcgQQDEMk6CcoePymkp.png', '/backend/files/qVbqKtvBgrmTnw5c0GwA.png', NULL, 1, NULL, 'Marvel', '2024-03-29 13:40:16', '2024-04-18 05:53:19'),
(10, 'Casio', NULL, 'casio', '', '', '', '', 2, 0, '/backend/files/yPLhfa9Hlkm8j4IVtyDR.png', '/backend/files/j056LwcVWND0dxyjkgKb.png', NULL, 1, NULL, 'Casio', '2024-03-29 13:40:42', '2024-03-29 13:40:42'),
(11, 'Casio', NULL, 'casio', '', '', '', '', 3, 0, '/backend/files/fsrfVqLFuZ24QCr3vunq.png', '/backend/files/CzUQKAh8bHI5VVpgBKT6.png', NULL, 1, NULL, 'Casio', '2024-03-29 13:41:25', '2024-03-29 13:41:25'),
(12, 'Casio', NULL, 'casio', '', '', '', '', 4, 0, '/backend/files/2Ek3pYQqnyfaVnvzHuu6.png', '/backend/files/fV2BFohjjLd0HVl5m1ZV.png', NULL, 1, NULL, 'Casio', '2024-03-29 13:41:48', '2024-03-29 13:41:48'),
(13, 'Logitech', NULL, 'logitech', '', '', '', '', 2, 0, '/backend/files/iXHQhG2AubQEzC7ODt4k.png', '/backend/files/ZKuAkrcbDSmC0NhrbUU4.png', NULL, 1, NULL, 'Logitech', '2024-03-29 13:48:50', '2024-03-29 13:48:50'),
(14, 'Logitech', NULL, 'logitech', '', '', '', '', 3, 0, '/backend/files/XQoCeAOv8GfOpBRtZhsK.png', '/backend/files/q4VchFDDZFAmOyrqbDfg.png', NULL, 1, NULL, 'Logitech', '2024-03-29 13:49:24', '2024-03-29 13:49:24'),
(15, 'Logitech', NULL, 'logitech', '', '', '', '', 4, 0, '/backend/files/jOqRGM3T8VYkzsdEqZlI.png', '/backend/files/kWKDKTFbypHg8Hi9NC2T.png', NULL, 1, NULL, 'Logitech', '2024-03-29 13:49:51', '2024-03-29 13:49:51'),
(16, 'Beats', NULL, 'beats', '', '', '', '', 2, 0, '/backend/files/r7vJxTHjfwLjEyeTOJbD.png', '/backend/files/3v7KQ2kkNAd1VDQ0aOrj.png', NULL, 1, NULL, 'Beats', '2024-03-29 13:59:06', '2024-03-29 13:59:06'),
(17, 'Beats', NULL, 'beats', '', '', '', '', 3, 0, '/backend/files/TOIdsYX0CQQtLVKFPGBD.png', '/backend/files/ffZMLlbfG2429JyZ1Hdu.png', NULL, 1, NULL, 'Beats', '2024-03-29 13:59:33', '2024-03-29 13:59:33'),
(18, 'Beats', NULL, 'beats', '', '', '', '', 4, 0, '/backend/files/mKzkkSnaxZujzIH1GH03.png', '/backend/files/t8pETT4EvUQzMV3uYXEs.png', NULL, 1, NULL, 'Beats', '2024-03-29 14:00:00', '2024-03-29 14:00:00'),
(19, 'Dyson', NULL, 'dyson', '', '', '', '', 3, 0, '/backend/files/zTkJxKVNJaollC1OTSBl.png', '/backend/files/8HAEZQ4NsDlVEFMNqVdc.png', NULL, 1, NULL, 'Dyson', '2024-03-29 14:07:20', '2024-03-29 14:07:20'),
(20, 'Dyson', NULL, 'dyson', '', '', '', '', 4, 0, '/backend/files/sGi0Qw2BxASX9sFp9PMv.png', '/backend/files/MLrtpOrmiXvrfnf4E7Bt.png', NULL, 1, NULL, 'Dyson', '2024-03-29 14:07:49', '2024-03-29 14:07:49'),
(21, 'Refa', NULL, 'refa', '', '', '', '', 3, 0, '/backend/files/9Azt0JpHiAQVJFflrrhy.png', '/backend/files/rv7hnoVULCE6SChiRqsS.png', NULL, 1, NULL, 'Refa', '2024-03-29 14:12:05', '2024-03-29 14:12:05'),
(22, 'Refa', NULL, 'refa', '', '', '', '', 4, 0, '/backend/files/VeL2Nf3P5t9J0s4zvaMh.png', '/backend/files/n5qesOjgDKfRauacD99N.png', NULL, 1, NULL, 'Refa', '2024-03-29 14:12:26', '2024-03-29 14:12:26'),
(23, 'Benq', NULL, 'benq', '', '', '', '', 4, 0, '/backend/files/MdrVwvPWP4YpyZOxFDHd.png', '/backend/files/N775d9iVeSxgJC5oC0ji.png', NULL, 1, NULL, 'Benq', '2024-03-29 14:19:41', '2024-03-29 14:19:41'),
(24, 'Rayban', NULL, 'rayban', '', '', '', '', 4, 0, '/backend/files/ezZJOdiUb9zSNcpQdcUW.png', '/backend/files/hh7TYttOQytaHFKqZOQn.png', NULL, 1, NULL, 'Rayban', '2024-03-29 14:21:02', '2024-03-29 14:21:02');

-- --------------------------------------------------------

--
-- Table structure for table `country`
--

CREATE TABLE `country` (
  `id` int(11) NOT NULL,
  `shortname` varchar(3) NOT NULL,
  `name` varchar(150) NOT NULL,
  `phonecode` int(11) NOT NULL,
  `status` int(11) DEFAULT NULL
) ENGINE=InnoDB DEFAULT CHARSET=utf8 COLLATE=utf8_general_ci;

--
-- Dumping data for table `country`
--

INSERT INTO `country` (`id`, `shortname`, `name`, `phonecode`, `status`) VALUES
(1, 'AF', 'Afghanistan', 93, 1),
(2, 'AL', 'Albania', 355, 1),
(3, 'DZ', 'Algeria', 213, 1),
(4, 'AS', 'American Samoa', 1684, 1),
(5, 'AD', 'Andorra', 376, 1),
(6, 'AO', 'Angola', 244, 1),
(7, 'AI', 'Anguilla', 1264, 1),
(8, 'AQ', 'Antarctica', 0, 1),
(9, 'AG', 'Antigua And Barbuda', 1268, 1),
(10, 'AR', 'Argentina', 54, 1),
(11, 'AM', 'Armenia', 374, 1),
(12, 'AW', 'Aruba', 297, 1),
(13, 'AU', 'Australia', 61, 1),
(14, 'AT', 'Austria', 43, 1),
(15, 'AZ', 'Azerbaijan', 994, 1),
(16, 'BS', 'Bahamas The', 1242, 1),
(17, 'BH', 'Bahrain', 973, 1),
(18, 'BD', 'Bangladesh', 880, 1),
(19, 'BB', 'Barbados', 1246, 1),
(20, 'BY', 'Belarus', 375, 1),
(21, 'BE', 'Belgium', 32, 1),
(22, 'BZ', 'Belize', 501, 1),
(23, 'BJ', 'Benin', 229, 1),
(24, 'BM', 'Bermuda', 1441, 1),
(25, 'BT', 'Bhutan', 975, 1),
(26, 'BO', 'Bolivia', 591, 1),
(27, 'BA', 'Bosnia and Herzegovina', 387, 1),
(28, 'BW', 'Botswana', 267, 1),
(29, 'BV', 'Bouvet Island', 0, 1),
(30, 'BR', 'Brazil', 55, 1),
(31, 'IO', 'British Indian Ocean Territory', 246, 1),
(32, 'BN', 'Brunei', 673, 1),
(33, 'BG', 'Bulgaria', 359, 1),
(34, 'BF', 'Burkina Faso', 226, 1),
(35, 'BI', 'Burundi', 257, 1),
(36, 'KH', 'Cambodia', 855, 1),
(37, 'CM', 'Cameroon', 237, 1),
(38, 'CA', 'Canada', 1, 1),
(39, 'CV', 'Cape Verde', 238, 1),
(40, 'KY', 'Cayman Islands', 1345, 1),
(41, 'CF', 'Central African Republic', 236, 1),
(42, 'TD', 'Chad', 235, 1),
(43, 'CL', 'Chile', 56, 1),
(44, 'CN', 'China', 86, 1),
(45, 'CX', 'Christmas Island', 61, 1),
(46, 'CC', 'Cocos (Keeling) Islands', 672, 1),
(47, 'CO', 'Colombia', 57, 1),
(48, 'KM', 'Comoros', 269, 1),
(49, 'CG', 'Republic Of The Congo', 242, 1),
(50, 'CD', 'Democratic Republic Of The Congo', 242, 1),
(51, 'CK', 'Cook Islands', 682, 1),
(52, 'CR', 'Costa Rica', 506, 1),
(53, 'CI', 'Cote D\'Ivoire (Ivory Coast)', 225, 1),
(54, 'HR', 'Croatia (Hrvatska)', 385, 1),
(55, 'CU', 'Cuba', 53, 1),
(56, 'CY', 'Cyprus', 357, 1),
(57, 'CZ', 'Czech Republic', 420, 1),
(58, 'DK', 'Denmark', 45, 1),
(59, 'DJ', 'Djibouti', 253, 1),
(60, 'DM', 'Dominica', 1767, 1),
(61, 'DO', 'Dominican Republic', 1809, 1),
(62, 'TP', 'East Timor', 670, 1),
(63, 'EC', 'Ecuador', 593, 1),
(64, 'EG', 'Egypt', 20, 1),
(65, 'SV', 'El Salvador', 503, 1),
(66, 'GQ', 'Equatorial Guinea', 240, 1),
(67, 'ER', 'Eritrea', 291, 1),
(68, 'EE', 'Estonia', 372, 1),
(69, 'ET', 'Ethiopia', 251, 1),
(70, 'XA', 'External Territories of Australia', 61, 1),
(71, 'FK', 'Falkland Islands', 500, 1),
(72, 'FO', 'Faroe Islands', 298, 1),
(73, 'FJ', 'Fiji Islands', 679, 1),
(74, 'FI', 'Finland', 358, 1),
(75, 'FR', 'France', 33, 1),
(76, 'GF', 'French Guiana', 594, 1),
(77, 'PF', 'French Polynesia', 689, 1),
(78, 'TF', 'French Southern Territories', 0, 1),
(79, 'GA', 'Gabon', 241, 1),
(80, 'GM', 'Gambia The', 220, 1),
(81, 'GE', 'Georgia', 995, 1),
(82, 'DE', 'Germany', 49, 1),
(83, 'GH', 'Ghana', 233, 1),
(84, 'GI', 'Gibraltar', 350, 1),
(85, 'GR', 'Greece', 30, 1),
(86, 'GL', 'Greenland', 299, 1),
(87, 'GD', 'Grenada', 1473, 1),
(88, 'GP', 'Guadeloupe', 590, 1),
(89, 'GU', 'Guam', 1671, 1),
(90, 'GT', 'Guatemala', 502, 1),
(91, 'XU', 'Guernsey and Alderney', 44, 1),
(92, 'GN', 'Guinea', 224, 1),
(93, 'GW', 'Guinea-Bissau', 245, 1),
(94, 'GY', 'Guyana', 592, 1),
(95, 'HT', 'Haiti', 509, 1),
(96, 'HM', 'Heard and McDonald Islands', 0, 1),
(97, 'HN', 'Honduras', 504, 1),
(98, 'HK', 'Hong Kong S.A.R.', 852, 1),
(99, 'HU', 'Hungary', 36, 1),
(100, 'IS', 'Iceland', 354, 1),
(101, 'IN', 'India', 91, 1),
(102, 'ID', 'Indonesia', 62, 1),
(103, 'IR', 'Iran', 98, 1),
(104, 'IQ', 'Iraq', 964, 1),
(105, 'IE', 'Ireland', 353, 1),
(106, 'IL', 'Israel', 972, 1),
(107, 'IT', 'Italy', 39, 1),
(108, 'JM', 'Jamaica', 1876, 1),
(109, 'JP', 'Japan', 81, 1),
(110, 'XJ', 'Jersey', 44, 1),
(111, 'JO', 'Jordan', 962, 1),
(112, 'KZ', 'Kazakhstan', 7, 1),
(113, 'KE', 'Kenya', 254, 1),
(114, 'KI', 'Kiribati', 686, 1),
(115, 'KP', 'Korea North', 850, 1),
(116, 'KR', 'Korea South', 82, 1),
(117, 'KW', 'Kuwait', 965, 1),
(118, 'KG', 'Kyrgyzstan', 996, 1),
(119, 'LA', 'Laos', 856, 1),
(120, 'LV', 'Latvia', 371, 1),
(121, 'LB', 'Lebanon', 961, 1),
(122, 'LS', 'Lesotho', 266, 1),
(123, 'LR', 'Liberia', 231, 1),
(124, 'LY', 'Libya', 218, 1),
(125, 'LI', 'Liechtenstein', 423, 1),
(126, 'LT', 'Lithuania', 370, 1),
(127, 'LU', 'Luxembourg', 352, 1),
(128, 'MO', 'Macau S.A.R.', 853, 1),
(129, 'MK', 'Macedonia', 389, 1),
(130, 'MG', 'Madagascar', 261, 1),
(131, 'MW', 'Malawi', 265, 1),
(132, 'MY', 'Malaysia', 60, 1),
(133, 'MV', 'Maldives', 960, 1),
(134, 'ML', 'Mali', 223, 1),
(135, 'MT', 'Malta', 356, 1),
(136, 'XM', 'Man (Isle of)', 44, 1),
(137, 'MH', 'Marshall Islands', 692, 1),
(138, 'MQ', 'Martinique', 596, 1),
(139, 'MR', 'Mauritania', 222, 1),
(140, 'MU', 'Mauritius', 230, 1),
(141, 'YT', 'Mayotte', 269, 1),
(142, 'MX', 'Mexico', 52, 1),
(143, 'FM', 'Micronesia', 691, 1),
(144, 'MD', 'Moldova', 373, 1),
(145, 'MC', 'Monaco', 377, 1),
(146, 'MN', 'Mongolia', 976, 1),
(147, 'MS', 'Montserrat', 1664, 1),
(148, 'MA', 'Morocco', 212, 1),
(149, 'MZ', 'Mozambique', 258, 1),
(150, 'MM', 'Myanmar', 95, 1),
(151, 'NA', 'Namibia', 264, 1),
(152, 'NR', 'Nauru', 674, 1),
(153, 'NP', 'Nepal', 977, 1),
(154, 'AN', 'Netherlands Antilles', 599, 1),
(155, 'NL', 'Netherlands The', 31, 1),
(156, 'NC', 'New Caledonia', 687, 1),
(157, 'NZ', 'New Zealand', 64, 1),
(158, 'NI', 'Nicaragua', 505, 1),
(159, 'NE', 'Niger', 227, 1),
(160, 'NG', 'Nigeria', 234, 1),
(161, 'NU', 'Niue', 683, 1),
(162, 'NF', 'Norfolk Island', 672, 1),
(163, 'MP', 'Northern Mariana Islands', 1670, 1),
(164, 'NO', 'Norway', 47, 1),
(165, 'OM', 'Oman', 968, 1),
(166, 'PK', 'Pakistan', 92, 1),
(167, 'PW', 'Palau', 680, 1),
(168, 'PS', 'Palestinian Territory Occupied', 970, 1),
(169, 'PA', 'Panama', 507, 1),
(170, 'PG', 'Papua new Guinea', 675, 1),
(171, 'PY', 'Paraguay', 595, 1),
(172, 'PE', 'Peru', 51, 1),
(173, 'PH', 'Philippines', 63, 1),
(174, 'PN', 'Pitcairn Island', 0, 1),
(175, 'PL', 'Poland', 48, 1),
(176, 'PT', 'Portugal', 351, 1),
(177, 'PR', 'Puerto Rico', 1787, 1),
(178, 'QA', 'Qatar', 974, 1),
(179, 'RE', 'Reunion', 262, 1),
(180, 'RO', 'Romania', 40, 1),
(181, 'RU', 'Russia', 70, 1),
(182, 'RW', 'Rwanda', 250, 1),
(183, 'SH', 'Saint Helena', 290, 1),
(184, 'KN', 'Saint Kitts And Nevis', 1869, 1),
(185, 'LC', 'Saint Lucia', 1758, 1),
(186, 'PM', 'Saint Pierre and Miquelon', 508, 1),
(187, 'VC', 'Saint Vincent And The Grenadines', 1784, 1),
(188, 'WS', 'Samoa', 684, 1),
(189, 'SM', 'San Marino', 378, 1),
(190, 'ST', 'Sao Tome and Principe', 239, 1),
(191, 'SA', 'Saudi Arabia', 966, 1),
(192, 'SN', 'Senegal', 221, 1),
(193, 'RS', 'Serbia', 381, 1),
(194, 'SC', 'Seychelles', 248, 1),
(195, 'SL', 'Sierra Leone', 232, 1),
(196, 'SG', 'Singapore', 65, 1),
(197, 'SK', 'Slovakia', 421, 1),
(198, 'SI', 'Slovenia', 386, 1),
(199, 'XG', 'Smaller Territories of the UK', 44, 1),
(200, 'SB', 'Solomon Islands', 677, 1),
(201, 'SO', 'Somalia', 252, 1),
(202, 'ZA', 'South Africa', 27, 1),
(203, 'GS', 'South Georgia', 0, 1),
(204, 'SS', 'South Sudan', 211, 1),
(205, 'ES', 'Spain', 34, 1),
(206, 'LK', 'Sri Lanka', 94, 1),
(207, 'SD', 'Sudan', 249, 1),
(208, 'SR', 'Suriname', 597, 1),
(209, 'SJ', 'Svalbard And Jan Mayen Islands', 47, 1),
(210, 'SZ', 'Swaziland', 268, 1),
(211, 'SE', 'Sweden', 46, 1),
(212, 'CH', 'Switzerland', 41, 1),
(213, 'SY', 'Syria', 963, 1),
(214, 'TW', 'Taiwan', 886, 1),
(215, 'TJ', 'Tajikistan', 992, 1),
(216, 'TZ', 'Tanzania', 255, 1),
(217, 'TH', 'Thailand', 66, 1),
(218, 'TG', 'Togo', 228, 1),
(219, 'TK', 'Tokelau', 690, 1),
(220, 'TO', 'Tonga', 676, 1),
(221, 'TT', 'Trinidad And Tobago', 1868, 1),
(222, 'TN', 'Tunisia', 216, 1),
(223, 'TR', 'Turkey', 90, 1),
(224, 'TM', 'Turkmenistan', 7370, 1),
(225, 'TC', 'Turks And Caicos Islands', 1649, 1),
(226, 'TV', 'Tuvalu', 688, 1),
(227, 'UG', 'Uganda', 256, 1),
(228, 'UA', 'Ukraine', 380, 1),
(229, 'AE', 'United Arab Emirates', 971, 1),
(230, 'GB', 'United Kingdom', 44, 1),
(231, 'US', 'United States', 1, 1),
(232, 'UM', 'United States Minor Outlying Islands', 1, 1),
(233, 'UY', 'Uruguay', 598, 1),
(234, 'UZ', 'Uzbekistan', 998, 1),
(235, 'VU', 'Vanuatu', 678, 1),
(236, 'VA', 'Vatican City State (Holy See)', 39, 1),
(237, 'VE', 'Venezuela', 58, 1),
(238, 'VN', 'Vietnam', 84, 1),
(239, 'VG', 'Virgin Islands (British)', 1284, 1),
(240, 'VI', 'Virgin Islands (US)', 1340, 1),
(241, 'WF', 'Wallis And Futuna Islands', 681, 1),
(242, 'EH', 'Western Sahara', 212, 1),
(243, 'YE', 'Yemen', 967, 1),
(244, 'YU', 'Yugoslavia', 38, 1),
(245, 'ZM', 'Zambia', 260, 1),
(246, 'ZW', 'Zimbabwe', 263, 1);

-- --------------------------------------------------------

--
-- Table structure for table `currency_type`
--

CREATE TABLE `currency_type` (
  `id` int(11) NOT NULL,
  `name` varchar(255) DEFAULT NULL,
  `status` int(11) DEFAULT 1,
  `created_at` timestamp NOT NULL DEFAULT current_timestamp(),
  `updated_at` timestamp NOT NULL DEFAULT current_timestamp()
) ENGINE=InnoDB DEFAULT CHARSET=utf8mb4 COLLATE=utf8mb4_general_ci;

--
-- Dumping data for table `currency_type`
--

INSERT INTO `currency_type` (`id`, `name`, `status`, `created_at`, `updated_at`) VALUES
(1, 'USDT-TRC20-TRX', 1, '2024-03-21 19:13:11', '2024-03-21 19:13:11'),
(2, 'USDT-ERC20', 1, '2024-03-21 19:13:11', '2024-03-21 19:13:11'),
(3, 'USDT-OMNI', 1, '2024-03-21 19:13:11', '2024-03-21 19:13:11'),
(4, 'BTC', 1, '2024-03-21 19:13:11', '2024-03-21 19:13:11'),
(5, 'LTC', 1, '2024-03-21 19:13:11', '2024-03-21 19:13:11'),
(6, 'ETH', 1, '2024-03-21 19:13:11', '2024-03-21 19:13:11'),
(7, 'TRX', 1, '2024-03-21 19:13:11', '2024-03-21 19:13:11'),
(8, 'ADA', 1, '2024-03-21 19:13:11', '2024-03-21 19:13:11');

-- --------------------------------------------------------

--
-- Table structure for table `customer`
--

CREATE TABLE `customer` (
  `id` int(11) NOT NULL,
  `name` varchar(225) DEFAULT NULL,
  `addres` varchar(255) DEFAULT NULL,
  `email` varchar(225) DEFAULT NULL,
  `phone` varchar(255) DEFAULT NULL,
  `entry_by` int(11) DEFAULT NULL,
  `status` int(11) DEFAULT 1,
  `created_at` timestamp NOT NULL DEFAULT current_timestamp(),
  `updated_at` timestamp NULL DEFAULT current_timestamp()
) ENGINE=InnoDB DEFAULT CHARSET=utf8mb4 COLLATE=utf8mb4_general_ci;

--
-- Dumping data for table `customer`
--

INSERT INTO `customer` (`id`, `name`, `addres`, `email`, `phone`, `entry_by`, `status`, `created_at`, `updated_at`) VALUES
(3, 'Bijon Ahmed', 'Dhaka', 'mdbijon@gmail.com', '5989899', NULL, 1, '2024-02-12 07:15:21', '2024-02-12 07:15:21'),
(4, 'Sumon Ahmed', 'Dhaka', 'sumon@gmail.com', '5748788', NULL, 1, '2024-02-12 07:20:35', '2024-02-12 07:20:35'),
(5, 'Robiul Islam', NULL, 'robiul@gmail.com', '2365989899', NULL, 1, '2024-02-12 07:31:40', '2024-02-12 07:31:40'),
(6, 'Mohammad Ibraheem', NULL, 'ibraheem@gmail.com', '5987999', NULL, 1, '2024-02-12 07:46:55', '2024-02-12 07:46:55');

-- --------------------------------------------------------

--
-- Table structure for table `deposit`
--

CREATE TABLE `deposit` (
  `id` int(11) NOT NULL,
  `depositID` varchar(255) DEFAULT NULL,
  `user_id` int(11) DEFAULT NULL,
  `deposit_amount` double(10,2) DEFAULT NULL,
  `receivable_amount` double(10,2) DEFAULT NULL,
  `payment_method` varchar(255) DEFAULT NULL,
  `depscription` text DEFAULT NULL,
  `status` int(11) DEFAULT NULL COMMENT '0=Review,2=Reject,1=Approved',
  `approved_by` int(11) DEFAULT NULL,
  `created_at` datetime DEFAULT current_timestamp(),
  `updated_at` datetime DEFAULT current_timestamp()
) ENGINE=InnoDB DEFAULT CHARSET=utf8mb4 COLLATE=utf8mb4_general_ci;

--
-- Dumping data for table `deposit`
--

INSERT INTO `deposit` (`id`, `depositID`, `user_id`, `deposit_amount`, `receivable_amount`, `payment_method`, `depscription`, `status`, `approved_by`, `created_at`, `updated_at`) VALUES
(1, '5446', 9, 620.00, 615.00, 'Crypto', 'Deposit created. Your ID: 5460', 1, NULL, '2024-03-20 03:17:12', '2024-03-20 03:17:12'),
(2, '5706', 9, 690.00, 600.00, 'Crypto', 'Deposit created. Your ID: 2794', 1, 1, '2024-03-20 03:25:49', '2024-03-20 20:17:23'),
(3, '8260', 9, 500.00, 1300.00, 'Crypto', 'Deposit created. Your ID: 7185', 1, 1, '2024-03-20 04:33:39', '2024-03-20 20:15:55'),
(4, '189', 9, 700.00, 500.00, 'Crypto', 'Deposit created. Your ID: 8261', 1, 1, '2024-03-20 04:33:39', '2024-03-20 20:17:35'),
(5, '135', 9, 700.00, 699.00, 'Crypto', 'Deposit created. Your ID: 8266', 2, 1, '2024-03-20 04:33:39', '2024-03-20 20:12:17'),
(6, '130', 9, 700.00, NULL, 'Crypto', 'Deposit created. Your ID: 8266', 0, NULL, '2024-03-20 04:33:39', '2024-03-20 04:33:39'),
(7, '129', 9, 700.00, NULL, 'Crypto', 'Deposit created. Your ID: 8266', 0, NULL, '2024-03-20 04:33:39', '2024-03-20 04:33:39'),
(8, '128', 9, 700.00, NULL, 'Crypto', 'Deposit created. Your ID: 8266', 0, NULL, '2024-03-20 04:33:39', '2024-03-20 04:33:39'),
(9, '127', 9, 700.00, NULL, 'Crypto', 'Deposit created. Your ID: 8266', 0, NULL, '2024-03-20 04:33:39', '2024-03-20 04:33:39'),
(10, '126', 9, 700.00, NULL, 'Crypto', 'Deposit created. Your ID: 8266', 0, NULL, '2024-03-20 04:33:39', '2024-03-20 04:33:39'),
(11, '125', 9, 700.00, NULL, 'Crypto', 'Deposit created. Your ID: 8266', 0, NULL, '2024-03-20 04:33:39', '2024-03-20 04:33:39'),
(12, '124', 9, 700.00, NULL, 'Crypto', 'Deposit created. Your ID: 8266', 0, NULL, '2024-03-20 04:33:39', '2024-03-20 04:33:39'),
(13, '123', 9, 700.00, NULL, 'Crypto', 'Deposit created. Your ID: 8266', 0, NULL, '2024-03-20 04:33:39', '2024-03-20 04:33:39'),
(14, '826589', 9, 700.00, NULL, 'Crypto', 'Deposit created. Your ID: 8266', 0, NULL, '2024-03-20 04:33:39', '2024-03-20 04:33:39'),
(15, '8265012', 9, 700.00, NULL, 'Crypto', 'Deposit created. Your ID: 8266', 0, NULL, '2024-03-20 04:33:39', '2024-03-20 04:33:39'),
(16, '826588', 9, 700.00, NULL, 'Crypto', 'Deposit created. Your ID: 8266', 0, NULL, '2024-03-20 04:33:39', '2024-03-20 04:33:39'),
(17, '826577', 9, 700.00, NULL, 'Crypto', 'Deposit created. Your ID: 8266', 0, NULL, '2024-03-20 04:33:39', '2024-03-20 04:33:39'),
(18, '82659', 9, 700.00, NULL, 'Crypto', 'Deposit created. Your ID: 8266', 0, NULL, '2024-03-20 04:33:39', '2024-03-20 04:33:39'),
(19, '82658', 9, 700.00, 550.00, 'Crypto', 'Deposit created. Your ID: 8266', 1, 1, '2024-03-20 04:33:39', '2024-03-20 20:16:35'),
(20, '826567', 9, 700.00, NULL, 'Crypto', 'Deposit created. Your ID: 8266', 0, NULL, '2024-03-20 04:33:39', '2024-03-20 04:33:39'),
(21, '82655', 9, 700.00, NULL, 'Crypto', 'Deposit created. Your ID: 8266', 0, NULL, '2024-03-20 04:33:39', '2024-03-20 04:33:39'),
(22, '82654', 9, 700.00, NULL, 'Crypto', 'Deposit created. Your ID: 8266', 0, NULL, '2024-03-20 04:33:39', '2024-03-20 04:33:39'),
(23, '82653', 9, 700.00, NULL, 'Crypto', 'Deposit created. Your ID: 8266', 0, NULL, '2024-03-20 04:33:39', '2024-03-20 04:33:39'),
(24, '82652', 9, 700.00, NULL, 'Crypto', 'Deposit created. Your ID: 8266', 0, NULL, '2024-03-20 04:33:39', '2024-03-20 04:33:39'),
(25, '82651', 9, 700.00, NULL, 'Crypto', 'Deposit created. Your ID: 8266', 0, NULL, '2024-03-20 04:33:39', '2024-03-20 04:33:39'),
(26, '82650', 9, 700.00, 690.00, 'Crypto', 'Deposit created. Your ID: 8266', 1, 1, '2024-03-20 04:33:39', '2024-03-20 20:56:10'),
(27, 'D20244381', 9, 5000.00, NULL, 'Crypto', 'Deposit created. Your ID: 0985', 0, NULL, '2024-03-21 22:54:08', '2024-03-21 22:54:08'),
(28, 'W20243714', 9, 5000.00, NULL, 'Crypto', 'W20243714', 0, NULL, '2024-03-22 04:22:05', '2024-03-22 04:22:05'),
(29, 'W20244732', 1, 5000.00, NULL, 'Crypto', 'W20244732', 0, NULL, '2024-04-20 15:40:27', '2024-04-20 15:40:27'),
(30, 'W20245538', 1, 6000.00, NULL, 'Crypto', 'W20245538', 0, NULL, '2024-04-20 15:41:00', '2024-04-20 15:41:00'),
(31, 'W20241536', 1, 6000.00, NULL, 'Crypto', 'W20241536', 0, NULL, '2024-04-20 15:41:02', '2024-04-20 15:41:02'),
(32, 'W20242807', 1, 7000.00, NULL, 'Crypto', 'W20242807', 0, NULL, '2024-04-20 15:41:49', '2024-04-20 15:41:49'),
(33, 'W20240023', 2, 3000.00, 2599.00, 'Crypto', 'W20240023', 1, NULL, '2024-04-20 21:20:47', '2024-04-20 21:20:47'),
(34, 'W20241858', 2, 4000.00, 3999.00, 'Crypto', 'W20241858', 1, NULL, '2024-04-20 21:21:12', '2024-04-20 21:21:12');

-- --------------------------------------------------------

--
-- Table structure for table `expense_history`
--

CREATE TABLE `expense_history` (
  `id` int(11) NOT NULL,
  `user_id` int(11) DEFAULT NULL,
  `business_type` varchar(255) DEFAULT NULL,
  `operation_type` varchar(255) DEFAULT NULL,
  `amount_type` varchar(255) DEFAULT NULL,
  `operation_amount` double(10,2) DEFAULT NULL,
  `charge_description` varchar(255) DEFAULT NULL,
  `operation_date` date DEFAULT NULL,
  `created_at` datetime DEFAULT current_timestamp(),
  `updated_at` datetime DEFAULT current_timestamp()
) ENGINE=InnoDB DEFAULT CHARSET=utf8mb4 COLLATE=utf8mb4_general_ci;

--
-- Dumping data for table `expense_history`
--

INSERT INTO `expense_history` (`id`, `user_id`, `business_type`, `operation_type`, `amount_type`, `operation_amount`, `charge_description`, `operation_date`, `created_at`, `updated_at`) VALUES
(1, 2, 'System', 'Reduce', 'Valid', 10.00, 'Buy service pack*1(Decrease in effective amount)', '2024-04-20', '2024-04-20 21:25:03', '2024-04-20 21:25:03'),
(2, 2, 'System', 'Reduce', 'Valid', 20.00, 'Buy service pack*1(Decrease in effective amount)', '2024-04-20', '2024-04-20 21:25:03', '2024-04-20 21:25:03'),
(3, 2, 'System', 'Reduce', 'Valid', 30.00, 'Buy service pack*1(Decrease in effective amount)', '2024-04-20', '2024-04-20 21:37:50', '2024-04-20 21:37:50'),
(4, 2, 'System', 'Reduce', 'Valid', 40.00, 'Buy service pack*1(Decrease in effective amount)', '2024-04-20', '2024-04-20 21:40:20', '2024-04-20 21:40:20'),
(5, 2, 'System', 'Reduce', 'Valid', 40.00, 'Buy service pack*1(Decrease in effective amount)', '2024-04-20', '2024-04-20 21:40:24', '2024-04-20 21:40:24'),
(6, 2, 'System', 'Reduce', 'Valid', 50.00, 'Buy service pack*1(Decrease in effective amount)', '2024-04-20', '2024-04-20 21:40:24', '2024-04-20 21:40:24'),
(7, 2, 'System', 'Reduce', 'Valid', 40.00, 'Buy service pack*1(Decrease in effective amount)', '2024-04-20', '2024-04-20 21:40:28', '2024-04-20 21:40:28'),
(8, 2, 'System', 'Reduce', 'Valid', 50.00, 'Buy service pack*1(Decrease in effective amount)', '2024-04-20', '2024-04-20 21:40:28', '2024-04-20 21:40:28'),
(9, 2, 'System', 'Reduce', 'Valid', 60.00, 'Buy service pack*1(Decrease in effective amount)', '2024-04-20', '2024-04-20 21:40:28', '2024-04-20 21:40:28');

-- --------------------------------------------------------

--
-- Table structure for table `failed_jobs`
--

CREATE TABLE `failed_jobs` (
  `id` bigint(20) UNSIGNED NOT NULL,
  `uuid` varchar(255) NOT NULL,
  `connection` text NOT NULL,
  `queue` text NOT NULL,
  `payload` longtext NOT NULL,
  `exception` longtext NOT NULL,
  `failed_at` timestamp NOT NULL DEFAULT current_timestamp()
) ENGINE=InnoDB DEFAULT CHARSET=utf8mb4 COLLATE=utf8mb4_unicode_ci;

-- --------------------------------------------------------

--
-- Table structure for table `logs`
--

CREATE TABLE `logs` (
  `id` int(11) NOT NULL,
  `user_id` int(11) DEFAULT NULL,
  `method` varchar(255) DEFAULT NULL,
  `url` varchar(255) DEFAULT NULL,
  `parameters` varchar(255) DEFAULT NULL,
  `ip` varchar(255) DEFAULT NULL,
  `country` varchar(255) DEFAULT NULL,
  `created_at` timestamp NULL DEFAULT NULL,
  `updated_at` timestamp NULL DEFAULT NULL
) ENGINE=InnoDB DEFAULT CHARSET=utf8mb4 COLLATE=utf8mb4_general_ci;

-- --------------------------------------------------------

--
-- Table structure for table `mystore`
--

CREATE TABLE `mystore` (
  `id` int(11) NOT NULL,
  `user_id` int(11) DEFAULT NULL,
  `category_id` int(11) DEFAULT NULL COMMENT 'this store',
  `status` int(11) DEFAULT NULL,
  `created_at` timestamp NULL DEFAULT current_timestamp(),
  `updated_at` timestamp NULL DEFAULT current_timestamp()
) ENGINE=InnoDB DEFAULT CHARSET=utf8mb4 COLLATE=utf8mb4_general_ci;

--
-- Dumping data for table `mystore`
--

INSERT INTO `mystore` (`id`, `user_id`, `category_id`, `status`, `created_at`, `updated_at`) VALUES
(1, 1, 1, NULL, '2024-04-20 04:23:44', '2024-04-20 04:23:44'),
(2, 1, 2, NULL, '2024-04-20 04:23:44', '2024-04-20 04:23:44'),
(3, 1, 3, NULL, '2024-04-20 04:23:44', '2024-04-20 04:23:44'),
(4, 1, 4, NULL, '2024-04-20 04:23:44', '2024-04-20 04:23:44'),
(5, 2, 1, NULL, '2024-04-20 07:03:44', '2024-04-20 07:03:44'),
(6, 2, 2, NULL, '2024-04-20 07:03:44', '2024-04-20 07:03:44'),
(7, 2, 3, NULL, '2024-04-20 07:03:44', '2024-04-20 07:03:44'),
(8, 2, 4, NULL, '2024-04-20 07:03:44', '2024-04-20 07:03:44');

-- --------------------------------------------------------

--
-- Table structure for table `mystore_history`
--

CREATE TABLE `mystore_history` (
  `id` int(11) NOT NULL,
  `user_id` int(11) DEFAULT NULL,
  `service_id` int(11) DEFAULT NULL,
  `mystore_id` int(11) DEFAULT NULL,
  `category_id` int(11) DEFAULT NULL,
  `duration` varchar(255) DEFAULT NULL,
  `service_price` int(11) DEFAULT NULL,
  `start_date` date DEFAULT NULL,
  `end_date` date DEFAULT NULL,
  `status` int(11) DEFAULT NULL,
  `created_at` timestamp NOT NULL DEFAULT current_timestamp(),
  `updated_at` timestamp NOT NULL DEFAULT current_timestamp()
) ENGINE=InnoDB DEFAULT CHARSET=utf8mb4 COLLATE=utf8mb4_general_ci;

--
-- Dumping data for table `mystore_history`
--

INSERT INTO `mystore_history` (`id`, `user_id`, `service_id`, `mystore_id`, `category_id`, `duration`, `service_price`, `start_date`, `end_date`, `status`, `created_at`, `updated_at`) VALUES
(1, 2, 1, 5, 1, '1', 10, '2024-04-20', '2024-05-20', 1, '2024-04-20 15:25:03', '2024-04-20 15:25:03'),
(2, 2, 2, 5, 1, '1', 20, '2024-04-20', '2024-05-20', 1, '2024-04-20 15:25:03', '2024-04-20 15:25:03'),
(3, 2, 3, 6, 2, '1', 30, '2024-04-20', '2024-05-20', 1, '2024-04-20 15:37:50', '2024-04-20 15:37:50'),
(4, 2, 4, 7, 3, '1', 40, '2024-04-20', '2024-05-20', 1, '2024-04-20 15:40:20', '2024-04-20 15:40:20'),
(5, 2, 4, 7, 3, '1', 40, '2024-04-20', '2024-05-20', 1, '2024-04-20 15:40:24', '2024-04-20 15:40:24'),
(6, 2, 5, 7, 3, '1', 50, '2024-04-20', '2024-05-20', 1, '2024-04-20 15:40:24', '2024-04-20 15:40:24'),
(7, 2, 4, 7, 3, '1', 40, '2024-04-20', '2024-05-20', 1, '2024-04-20 15:40:28', '2024-04-20 15:40:28'),
(8, 2, 5, 7, 3, '1', 50, '2024-04-20', '2024-05-20', 1, '2024-04-20 15:40:28', '2024-04-20 15:40:28'),
(9, 2, 6, 7, 3, '1', 60, '2024-04-20', '2024-05-20', 1, '2024-04-20 15:40:28', '2024-04-20 15:40:28');

-- --------------------------------------------------------

--
-- Table structure for table `orders`
--

CREATE TABLE `orders` (
  `id` int(11) NOT NULL,
  `orderId` varchar(255) NOT NULL,
  `log_id` varchar(255) DEFAULT NULL,
  `customer_id` int(11) DEFAULT NULL,
  `amount` decimal(10,2) NOT NULL COMMENT 'include shipping_fee',
  `shipping_fee` decimal(10,2) DEFAULT NULL,
  `order_status` int(11) NOT NULL DEFAULT 1 COMMENT 'Order Placed=1,Payment Processing=2,Order Confirmed=3,Item Shipped=4,In Transit=5,Out for Delivery=6,Delivered=7,Order Completed=8,Cancelled or Returned=9',
  `billing_first_name` varchar(255) DEFAULT NULL,
  `billing_last_name` varchar(255) DEFAULT NULL,
  `billing_email` varchar(255) DEFAULT NULL,
  `billing_phone` varchar(255) DEFAULT NULL,
  `billing_street_address` text DEFAULT NULL,
  `billing_appar_suite_address` varchar(255) DEFAULT NULL,
  `billing_state` varchar(255) DEFAULT NULL,
  `billing_post_code_zip` varchar(255) DEFAULT NULL,
  `shipper_first_name` varchar(255) DEFAULT NULL,
  `shipper_last_name` varchar(255) DEFAULT NULL,
  `shipper_email` varchar(255) DEFAULT NULL,
  `shipper_phone_number` varchar(255) DEFAULT NULL,
  `shipper_address` text DEFAULT NULL,
  `shipper_apprt_suite_addr` varchar(225) DEFAULT NULL,
  `shipper_state` varchar(225) DEFAULT NULL,
  `shipper_zip` varchar(225) DEFAULT NULL,
  `payment_getway` varchar(60) DEFAULT NULL,
  `created_at` timestamp NULL DEFAULT current_timestamp(),
  `updated_at` datetime DEFAULT current_timestamp()
) ENGINE=InnoDB DEFAULT CHARSET=utf8mb4 COLLATE=utf8mb4_general_ci;

-- --------------------------------------------------------

--
-- Table structure for table `order_history`
--

CREATE TABLE `order_history` (
  `id` int(11) NOT NULL,
  `order_id` int(11) DEFAULT NULL,
  `product_id` int(11) DEFAULT NULL,
  `quantity` int(11) DEFAULT NULL,
  `price` float DEFAULT NULL,
  `total` double(10,2) DEFAULT NULL,
  `created_at` datetime DEFAULT current_timestamp(),
  `updated_at` timestamp NULL DEFAULT current_timestamp()
) ENGINE=InnoDB DEFAULT CHARSET=utf8mb4 COLLATE=utf8mb4_general_ci;

-- --------------------------------------------------------

--
-- Table structure for table `order_status`
--

CREATE TABLE `order_status` (
  `id` int(11) NOT NULL,
  `name` varchar(255) DEFAULT NULL,
  `description` text DEFAULT NULL,
  `created_at` datetime DEFAULT current_timestamp(),
  `updated_at` datetime DEFAULT current_timestamp()
) ENGINE=InnoDB DEFAULT CHARSET=utf8mb4 COLLATE=utf8mb4_general_ci;

--
-- Dumping data for table `order_status`
--

INSERT INTO `order_status` (`id`, `name`, `description`, `created_at`, `updated_at`) VALUES
(1, 'Order Placed', 'Upon successful checkout, the system records the order details and assigns a unique order ID.', '2023-12-04 11:15:23', '2023-12-04 05:55:06'),
(2, 'Payment Processing', 'After ordering, the system verifies payment info. Successful payments move to processing.', '2023-12-04 11:15:23', '2023-12-04 05:55:48'),
(3, 'Order Confirmed', 'Payment processed, order confirmed. System notifies customer and vendors. Vendors prep items for shipment.', '2023-12-04 11:15:23', '2023-12-04 05:56:14'),
(4, 'Item Shipped', 'Vendor ships, order status: \"Shipped.\" Customer gets confirmation and tracking.', '2023-12-04 11:15:23', '2023-12-04 05:56:45'),
(5, 'In Transit', 'Order in transit; customers track shipment with provided details.', '2023-12-04 11:15:23', '2023-12-04 05:57:14'),
(6, 'Out for Delivery', '\"Out for Delivery\" status means the package is en route and will be delivered soon, notifying the customer.', '2023-12-04 11:15:23', '2023-12-04 05:57:42'),
(7, 'Delivered', '\"Delivered\" means items received. System captures delivery confirmation, including date and time.', '2023-12-04 11:15:23', '2023-12-04 05:58:19'),
(8, 'Order Completed', '\"Completed\" status: delivery confirmed, order process concluded.', '2023-12-04 11:15:23', '2023-12-04 05:58:53'),
(9, 'Cancelled or Returned', 'Order status adapts to customer actions. \"Cancelled\" for cancellations, \"Returned\" for returns.', '2023-12-04 11:15:23', '2023-12-04 05:59:17'),
(10, 'Approved & Delivered', 'Approved & Delivered', '2023-12-04 11:15:23', '2023-12-04 05:59:17');

-- --------------------------------------------------------

--
-- Table structure for table `password_reset_tokens`
--

CREATE TABLE `password_reset_tokens` (
  `email` varchar(255) NOT NULL,
  `token` varchar(255) NOT NULL,
  `created_at` timestamp NULL DEFAULT NULL
) ENGINE=InnoDB DEFAULT CHARSET=utf8mb4 COLLATE=utf8mb4_unicode_ci;

-- --------------------------------------------------------

--
-- Table structure for table `personal_access_tokens`
--

CREATE TABLE `personal_access_tokens` (
  `id` bigint(20) UNSIGNED NOT NULL,
  `tokenable_type` varchar(255) NOT NULL,
  `tokenable_id` bigint(20) UNSIGNED NOT NULL,
  `name` varchar(255) NOT NULL,
  `token` varchar(64) NOT NULL,
  `abilities` text DEFAULT NULL,
  `last_used_at` timestamp NULL DEFAULT NULL,
  `expires_at` timestamp NULL DEFAULT NULL,
  `created_at` timestamp NULL DEFAULT NULL,
  `updated_at` timestamp NULL DEFAULT NULL
) ENGINE=InnoDB DEFAULT CHARSET=utf8mb4 COLLATE=utf8mb4_unicode_ci;

-- --------------------------------------------------------

--
-- Table structure for table `posts`
--

CREATE TABLE `posts` (
  `id` int(11) NOT NULL,
  `name` varchar(255) NOT NULL,
  `slug` varchar(255) DEFAULT NULL,
  `description_short` text DEFAULT NULL,
  `description_full` text DEFAULT NULL,
  `question` text DEFAULT NULL,
  `answer` text DEFAULT NULL,
  `categoryId` int(11) DEFAULT NULL,
  `entry_by` int(11) DEFAULT NULL,
  `thumnail_img` varchar(255) DEFAULT NULL,
  `status` int(11) DEFAULT NULL,
  `created_at` timestamp NULL DEFAULT current_timestamp(),
  `updated_at` timestamp NULL DEFAULT current_timestamp()
) ENGINE=InnoDB DEFAULT CHARSET=utf8mb4 COLLATE=utf8mb4_general_ci;

--
-- Dumping data for table `posts`
--

INSERT INTO `posts` (`id`, `name`, `slug`, `description_short`, `description_full`, `question`, `answer`, `categoryId`, `entry_by`, `thumnail_img`, `status`, `created_at`, `updated_at`) VALUES
(1, 'Announcement', 'announcement', '', '<h6 data-v-inspector=\"pages/partner/community/announcement.vue:34:37\">Online recharge:</h6><p data-v-inspector=\"pages/partner/community/announcement.vue:35:37\">Enter\r\n the amount - select the payment method - obtain the payment QR code and\r\n pay using the payment application - please pay within the specified \r\ntime (within 30 minutes) - payment is completed - wait for the system to\r\n automatically confirm. It is prohibited to reuse QR codes for payment, \r\nand a new payment code must be obtained for each recharge. </p><p></p>', '', '', 1, 1, '/backend/files/6sqrvTOFNMboJxByFYIS.png', 1, '2024-03-10 18:35:57', '2024-03-10 18:35:57'),
(2, 'Announcement', 'announcement', '', '<h6 data-v-inspector=\"pages/partner/community/announcement.vue:44:37\">Online recharge:</h6><p data-v-inspector=\"pages/partner/community/announcement.vue:45:37\">Enter\r\n the amount - select the payment method - obtain the payment QR code and\r\n pay using the payment application - please pay within the specified \r\ntime (within 30 minutes) - payment is completed - wait for the system to\r\n automatically confirm. It is prohibited to reuse QR codes for payment, \r\nand a new payment code must be obtained for each recharge. </p><p></p>', '', '', 1, 1, '/backend/files/eJxV8SezpYqrVmkmaQhG.png', 1, '2024-03-10 18:36:55', '2024-03-10 18:36:55'),
(3, 'Announcement', 'announcement', '', '<h6 data-v-inspector=\"pages/partner/community/announcement.vue:44:37\">Online recharge:</h6><p data-v-inspector=\"pages/partner/community/announcement.vue:45:37\">Enter\r\n the amount - select the payment method - obtain the payment QR code and\r\n pay using the payment application - please pay within the specified \r\ntime (within 30 minutes) - payment is completed - wait for the system to\r\n automatically confirm. It is prohibited to reuse QR codes for payment, \r\nand a new payment code must be obtained for each recharge. </p><p></p>', '', '', 1, 1, '/backend/files/2Tqp9iow8CQTavozWohf.png', 1, '2024-03-10 18:37:21', '2024-03-10 12:44:29'),
(4, 'Event', 'event', '', '<p>Enter the amount - select the payment method - obtain the payment QR \r\ncode and pay using the payment application - please pay within the \r\nspecified time (within 30 minutes) - payment is completed - wait for the\r\n system to automatically confirm. It is prohibited to reuse QR codes for\r\n payment, and a new payment code must be obtained for each recharge. </p>', '', '', 2, 1, '/backend/files/THHyZ38q3DuCmusFB6yc.png', 1, '2024-03-10 18:47:39', '2024-03-10 18:47:39'),
(6, 'What is Shopify top and how does it work?', 'what-is-shopify-top-and-how-does-it-work-', '', '', 'What is Shopify top and how does it work?', 'Shopify Top Products: This could refer to the top-selling products within a Shopify store. Shopify provides analytics and reporting tools that allow merchants to track their sales performance, including which products are selling the most. Merchants can use this information to optimize their product offerings, marketing strategies, and inventory management.', 3, 1, NULL, 1, '2024-03-10 18:58:05', '2024-03-10 18:58:05'),
(7, 'How much does it cost to open a store on  Shopifytop?', 'how-much-does-it-cost-to-open-a-store-on-shopifytop-', '', '', 'How much does it cost to open a store on  Shopifytop?', 'It seems there might be some confusion. \"Shopifytop\" isn\'t a platform or service that I\'m aware of. However, I assume you\'re referring to Shopify, which is a popular e-commerce platform that allows businesses to create and manage online stores.', 3, 1, NULL, 1, '2024-03-10 18:58:54', '2024-03-10 18:58:54'),
(8, 'How much working capital does it take to open a store on Shopifytop?', 'how-much-working-capital-does-it-take-to-open-a-store-on-shopifytop-', '', '', 'How much working capital does it take to open a store on Shopifytop?', 'Opening a store on Shopify doesn\'t necessarily require a significant amount of working capital compared to starting a traditional brick-and-mortar store. However, the amount of working capital needed can vary depending on various factors such as:', 3, 1, NULL, 1, '2024-03-10 18:59:36', '2024-03-10 18:59:36'),
(9, 'Do I need to advertise my store, or find products?', 'do-i-need-to-advertise-my-store-or-find-products-', '', '', 'Do I need to advertise my store, or find products?', 'Both advertising your store and finding products are essential components of running a successful e-commerce business, including a store on Shopify.', 3, 1, NULL, 1, '2024-03-10 19:00:14', '2024-03-10 19:00:14'),
(10, 'Event-1', 'event', '', '<p>Enter the amount - select the payment method - obtain the payment QR \r\ncode and pay using the payment application - please pay within the \r\nspecified time (within 30 minutes) - payment is completed - wait for the\r\n system to automatically confirm. It is prohibited to reuse QR codes for\r\n payment, and a new payment code must be obtained for each recharge. </p>', '', '', 2, 1, '/backend/files/THHyZ38q3DuCmusFB6yc.png', 1, '2024-03-10 18:47:39', '2024-03-10 18:47:39');

-- --------------------------------------------------------

--
-- Table structure for table `post_category`
--

CREATE TABLE `post_category` (
  `id` int(11) NOT NULL,
  `name` varchar(255) DEFAULT NULL,
  `status` int(11) NOT NULL DEFAULT 1
) ENGINE=InnoDB DEFAULT CHARSET=utf8mb4 COLLATE=utf8mb4_general_ci;

--
-- Dumping data for table `post_category`
--

INSERT INTO `post_category` (`id`, `name`, `status`) VALUES
(1, 'Announcement', 1),
(2, 'Event', 1),
(3, 'FAQs', 1);

-- --------------------------------------------------------

--
-- Table structure for table `product`
--

CREATE TABLE `product` (
  `id` int(11) NOT NULL,
  `name` varchar(255) DEFAULT NULL,
  `slug` varchar(255) DEFAULT NULL,
  `description` text DEFAULT NULL,
  `description_short` text DEFAULT NULL,
  `description_full` text DEFAULT NULL,
  `selling_price` double(10,2) DEFAULT NULL,
  `profit` double(10,2) DEFAULT NULL,
  `buying_price` double(10,2) DEFAULT NULL,
  `qty_status` int(11) DEFAULT NULL,
  `meta_title` varchar(255) DEFAULT NULL,
  `meta_description` text DEFAULT NULL,
  `meta_keyword` varchar(255) DEFAULT NULL,
  `product_tag` varchar(255) DEFAULT NULL,
  `brand` int(11) DEFAULT NULL,
  `sku` varchar(255) DEFAULT NULL,
  `external_link` varchar(255) DEFAULT NULL,
  `sell_qty` int(11) DEFAULT NULL,
  `balance_qty` int(11) DEFAULT NULL,
  `cash_dev_status` int(11) DEFAULT NULL,
  `price` double(10,2) DEFAULT NULL,
  `unit` varchar(255) DEFAULT NULL,
  `stock_qty` int(11) DEFAULT NULL,
  `stock_mini_qty` int(11) DEFAULT NULL,
  `stock_status` int(11) DEFAULT NULL,
  `manufacturer` int(11) DEFAULT NULL,
  `download_link` varchar(255) DEFAULT NULL,
  `year` varchar(255) DEFAULT NULL,
  `discount` double(10,2) DEFAULT NULL,
  `discount_status` int(11) DEFAULT NULL,
  `shipping_days` int(11) DEFAULT NULL,
  `free_shopping` int(11) DEFAULT NULL,
  `flat_rate_status` int(11) DEFAULT NULL,
  `flat_rate_price` double(10,5) DEFAULT NULL,
  `draw_details` text DEFAULT NULL,
  `vat` varchar(255) DEFAULT NULL,
  `vat_status` int(11) DEFAULT NULL,
  `tax` varchar(255) DEFAULT NULL,
  `tax_status` int(11) DEFAULT NULL,
  `thumnail_img` varchar(255) DEFAULT NULL,
  `status` int(11) DEFAULT 1,
  `entry_by` int(11) DEFAULT NULL,
  `counter` int(11) DEFAULT NULL,
  `created_at` datetime DEFAULT current_timestamp(),
  `updated_at` datetime DEFAULT current_timestamp()
) ENGINE=InnoDB DEFAULT CHARSET=utf8mb4 COLLATE=utf8mb4_general_ci;

--
-- Dumping data for table `product`
--

INSERT INTO `product` (`id`, `name`, `slug`, `description`, `description_short`, `description_full`, `selling_price`, `profit`, `buying_price`, `qty_status`, `meta_title`, `meta_description`, `meta_keyword`, `product_tag`, `brand`, `sku`, `external_link`, `sell_qty`, `balance_qty`, `cash_dev_status`, `price`, `unit`, `stock_qty`, `stock_mini_qty`, `stock_status`, `manufacturer`, `download_link`, `year`, `discount`, `discount_status`, `shipping_days`, `free_shopping`, `flat_rate_status`, `flat_rate_price`, `draw_details`, `vat`, `vat_status`, `tax`, `tax_status`, `thumnail_img`, `status`, `entry_by`, `counter`, `created_at`, `updated_at`) VALUES
(1, 'Nerf Elite 2.0 Ace SD-1 Blaster and 2 Official Nerf Elite Darts, Onboard 1-Dart Storage, Stealth-Sized, Easy to Use', 'nerf-elite-2-0-ace-sd-1-blaster-and-2-official-nerf-elite-darts-onboard-1-dart-storage-stealth-sized-easy-to-use', NULL, '<p>Bring along the compact Nerf Elite 2.0 Ace SD-1 blaster on all your missions and battles! </p>', '<p>Bring along the compact Nerf Elite 2.0 Ace SD-1 blaster on all your \r\nmissions and battles! Take advantage of this blaster\'s compact size when\r\n you\'ve got to move with stealth. Bring this compact blaster almost \r\nanywhere to launch into a stealth games and dart-blasting surprise \r\nattacks. It has onboard 1-dart so you can keep a second dart within \r\nreach for fast reloads. It comes with 2 Official Nerf Elite foam darts, \r\nso you can blast them indoors or outdoors. Get battling in 3 quick \r\nsteps: Load 1 dart into the front of the barrel, pull the priming \r\nhandle, and press the trigger to unleash the dart. Eyewear recommended \r\n(not included). No batteries required. Nerf and all related properties \r\nare trademarks of Hasbro.</p><p><br>•NERF ELITE 2.0 ACE SD-1 DART BLASTER: Bring this pocket-size blaster to\r\n Nerf battles! You can take this compact blaster almost anywhere and \r\nlaunch into a stealth games and dart-blasting surprises<br>•EASY TO \r\nLOAD, PRIME, AND FIRE: Easy to use! Load 1 dart into the front of the \r\nbarrel, pull back the priming handle, and press the trigger to unleash \r\nthe dart<br>•ONBOARD DART STORAGE: Keep a second dart nearby to reload \r\nfast! The onboard storage on top of the blaster holds 1 dart so after \r\nyou launch 1 dart, you can reload the blaster to release another dart<br><br><br>•Ages 8 and up <br>•TO\r\n AVOID EYE INJURY: WARNING: Do not aim at eyes or face. Use of eyewear \r\nrecommended for players and people within range. Use only official Nerf \r\ndarts. Other darts may not meet safety standards. Do not modify darts or\r\n blaster. <br>•WARNING: CHOKING HAZARD - Small parts may be generated. Not for children under 3 years.<br>•Includes: blaster and 2 darts.</p>', 2.99, 0.24, 2.75, NULL, NULL, NULL, NULL, NULL, NULL, NULL, NULL, NULL, NULL, NULL, NULL, NULL, NULL, NULL, NULL, NULL, NULL, NULL, NULL, NULL, NULL, NULL, NULL, NULL, NULL, NULL, NULL, NULL, NULL, '/backend/files/Y8VoQuBqT1OkGJEZg2vk.png', 1, 1, NULL, '2024-04-18 04:06:52', '2024-04-18 04:25:50'),
(2, 'Nerf Elite 2.0 Slash Blaster, 2 Nerf Elite Darts, Pull To Prime Handle, Toy Foam Blaster For Outdoor Kids Games', 'nerf-elite-2-0-slash-blaster-2-nerf-elite-darts-pull-to-prime-handle-toy-foam-blaster-for-outdoor-kids-games', NULL, '<p>Gear up for battle with the Nerf Elite 2.0 Slash toy foam blaster! </p>', '<p>Gear up for battle with the Nerf Elite 2.0 Slash toy foam blaster! This \r\nsingle-fire blaster gives you the advantage in Nerf battles with its \r\ncompact size that\'s great for stealthy battling in kids outdoor games. \r\nIt includes 2 Official foam Nerf Elite darts that are fun to blast in \r\noutdoor games. This backyard toy dart blaster is easy to use and gets \r\nyou ready to go in 3 easy steps. Load 1 Nerf dart into the front of the \r\nbarrel, pull down the priming handle, and pull trigger to fire the dart.\r\n The Slash Nerf blaster toy for boys and girls is an awesome addition to\r\n Nerf blaster stockpiles with its small profile and Nerf Elite 2.0 \r\nperformance. It\'s great as a grab-and-go primary toy blaster and a \r\nquick-fire backup blaster in active outdoor play. Eyewear recommended \r\n(not included). No batteries required. Nerf and all related properties \r\nare trademarks of Hasbro.<br><br>•GEAR UP FOR BATTLE WITH THE NERF ELITE\r\n 2.0 SLASH BLASTER: Gear up for dart blasting action in outdoor kids \r\ngames with this Nerf toy foam blaster that comes with 2 Nerf Elite darts<br>•DESIGNED\r\n FOR STEALTH: The Slash blaster features a compact, take-along size \r\nthat\'s perfect for stealthy dart battling. Bring it to outdoor games to \r\ntake on opponents with a surprise blast<br>•INCLUDES 2 NERF ELITE DARTS:\r\n Official Nerf Elite foam darts are great for outdoor play, and are \r\ntested and approved for performance and quality<br>•PULL TO PRIME \r\nBLASTING: The Slash blaster is designed with a pull-down handle for easy\r\n priming. It\'s a great gift for boys and girls and a fun backyard toy \r\nblaster<br>•LOAD, PRIME &amp; FIRE: You\'re ready for action in 3 easy \r\nsteps with this Nerf toy foam blaster. Load 1 dart into the barrel, pull\r\n down the priming handle, and pull the trigger<br><br>•Ages 8 and up <br>•TO\r\n AVOID EYE INJURY: WARNING: Do not aim at eyes or face. Use of eyewear \r\nrecommended for players and people within range. Use only official Nerf \r\ndarts. Other darts may not meet safety standards. Do not modify darts or\r\n blaster. <br>•WARNING: CHOKING HAZARD - Small parts may be generated. Not for children under 3 years.<br>•Includes: blaster and 2 darts.</p>', 3.19, 0.25, 2.94, NULL, NULL, NULL, NULL, NULL, NULL, NULL, NULL, NULL, NULL, NULL, NULL, NULL, NULL, NULL, NULL, NULL, NULL, NULL, NULL, NULL, NULL, NULL, NULL, NULL, NULL, NULL, NULL, NULL, NULL, '/backend/files/C5OqZYaMO0SWaxBfgauV.png', 1, 1, NULL, '2024-04-18 04:13:07', '2024-04-18 04:13:07'),
(3, 'Nerf Official 10 Dart Elite Refill Pack for Nerf N-Strike Elite AccuStrike Zombie Strike Modulus Toy Blasters', 'nerf-official-10-dart-elite-refill-pack-for-nerf-n-strike-elite-accustrike-zombie-strike-modulus-toy-blasters', NULL, '<p>Blast with Official Nerf Darts -- the darts that hit the mark for performance and quality!</p>', '<p>Blast with Official Nerf Darts -- the darts that hit the mark for \r\nperformance and quality! Stock up on this refill pack of 10 Nerf Elite \r\ndarts and be ready to reload when Nerf competitions heat up. Nerf Elite \r\ndarts are designed for distance and blast up to 85 feet (26 meters).* \r\nThey are compatible with all Nerf toy blasters that use Elite darts, so \r\nplayers can use also them with Elite, AccuStrike Elite, Zombie Strike, \r\nand Modulus blasters. Nerf darts are constructed of foam with flexible, \r\nhollow tips, making them fun to blast indoors and outdoors. Load Nerf \r\nblasters with tested and approved Official Nerf Darts, the darts that \r\ndeliver performance and quality with every blast! Blasters each sold \r\nseparately. *Distance varies according to blaster. Nerf and all related \r\nproperties are trademarks of Hasbro.<br><br>•INCLUDES 10 NERF ELITE DARTS: This refill pack includes 10 Nerf Elite Darts designed for distance<br>•OFFICIAL\r\n NERF DARTS: Official Nerf Darts are tested and approved for performance\r\n and quality and constructed of foam with flexible, hollow tips<br>•COMPATIBILITY:\r\n Compatible with all official Nerf blasters that use Elite darts:  \r\nincluding Elite, AccuStrike Elite, Zombie Strike, and Modulus toy \r\nblasters<br>•ELITE DARTS BLAST UP TO 85 FEET*: Official Nerf Elite darts\r\n blast up to 85 feet (26 meters). *Distance varies according to blaster.<br><br>•Ages 8 and up <br>•CAUTION: Do not aim at eyes or face. TO AVOID INJURY: Do not modify darts. <br>•WARNING: CHOKING HAZARD - Small parts may be generated. Not for children under 3 years.<br>•Includes: 10 darts.</p>', 4.19, 0.33, 3.86, NULL, NULL, NULL, NULL, NULL, NULL, NULL, NULL, NULL, NULL, NULL, NULL, NULL, NULL, NULL, NULL, NULL, NULL, NULL, NULL, NULL, NULL, NULL, NULL, NULL, NULL, NULL, NULL, NULL, NULL, '/backend/files/jGiIa04rGavVB0ZKBAAj.png', 1, 1, NULL, '2024-04-18 04:15:12', '2024-04-18 04:15:12'),
(4, 'Nerf Elite Junior Racer Easy Play Dart Blaster with 4 Nerf Elite Darts, Nerf Blaster Outdoor Toys', 'nerf-elite-junior-racer-easy-play-dart-blaster-with-4-nerf-elite-darts-nerf-blaster-outdoor-toys', NULL, '<p>Nerf Elite Junior Easy Play toy foam blasters are designed for boys and \r\ngirls who are blasting into Nerf battles for the first time.</p>', '<p class=\"text-xl break-words lg:text-xl md:text-lg font-proxima-regular\">Nerf\r\n Elite Junior Easy Play toy foam blasters are designed for boys and \r\ngirls who are blasting into Nerf battles for the first time. Special \r\nfeatures make them easy to play with, so kids will be playing exciting \r\nNerf games in no time. They can launch into high-energy dart-blasting \r\nfun and experience the thrill of doing it all by themselves. These Nerf \r\nblasters are easy to hold, sized to fit comfortably in small hands and \r\nlightweight for easy carrying. The front-loading design makes inserting \r\ndarts a simple step. Blasting is easy, with handles that have the lowest\r\n pull force of any Nerf dart blasters. All these features let kids get \r\ninto lots of fast-moving action, and they can show off their blasting \r\nskills as they do each step on their own! The Easy Play Nerf Elite \r\nJunior Racer toy blaster has 2-dart capacity and includes 4 Nerf Elite \r\ndarts. Eyewear recommended (not included). Blasters each sold \r\nseparately, subject to availability. Nerf and all related properties are\r\n trademarks of Hasbro.\r\n\r\n\r\n</p><div id=\"descriptionBoxTwo\" class=\"lg:text-xl text-xl md:text-lg font-proxima-regular md:pt-[30px] pt-[5px] md:pl-[12.5%]\">•Easy\r\n Play BLASTER: The Nerf Elite Junior Racer dart blaster is made for 6 \r\nyear old boys and girls, with an Easy Play design so kids can enjoy \r\nexciting Nerf dart blasting play all on their own<br>•EASY TO HOLD: The \r\nNerf blaster is sized to fit comfortably in small hands and has a \r\nlightweight design that\'s easy for children to hold and carry<br>•EASY \r\nTO LOAD &amp; BLAST: The blaster handle has the lowest pull force of any\r\n Nerf dart blasters, so it\'s easy for kids to pull back by themselves. \r\nThe Nerf darts insert easily into the front of the blaster<br>•INCLUDES 4\r\n NERF ELITE DARTS FOR FUN BLASTING PLAY: The flexible foam darts are \r\nperfect for indoor play and backyard games. The Nerf Elite Junior Racer \r\nblaster fires 2 darts in a row<br>•ACTIVE PLAY: Nerf Junior dart \r\nblasters are great gifts for 6 year old boys and girls and up, and \r\nencourage physical and social play as kids enjoy fun dart blasting games<br><br>•Ages 6 and up <br>•TO\r\n AVOID EYE INJURY: WARNING: Do not aim at eyes or face. Use of eyewear \r\nrecommended for players and people within range. Use only official Nerf \r\ndarts. Other darts may not meet safety standards. Do not modify darts or\r\n blaster.<br>•Includes: blaster and 4 darts.</div><p></p>', 4.99, 0.40, 4.59, NULL, NULL, NULL, NULL, NULL, NULL, NULL, NULL, NULL, NULL, NULL, NULL, NULL, NULL, NULL, NULL, NULL, NULL, NULL, NULL, NULL, NULL, NULL, NULL, NULL, NULL, NULL, NULL, NULL, NULL, '/backend/files/HAX3XbpHDYDZF4FwUWbQ.png', 1, 1, NULL, '2024-04-18 04:31:04', '2024-04-18 04:31:04'),
(5, 'Nerf Better Than Balloons Brand Water Toys, 36 Pods, Easy 1 Piece Clean Up, Ages 3+', 'nerf-better-than-balloons-brand-water-toys-36-pods-easy-1-piece-clean-up-ages-3-', NULL, '<p>Nerf Better Than Balloons brand is the water balloon alternative for a revolution in water play!</p>', '<p class=\"text-xl break-words lg:text-xl md:text-lg font-proxima-regular\">Nerf\r\n Better Than Balloons brand is the water balloon alternative for a \r\nrevolution in water play! The colorful water pods are easy in every way,\r\n for frustration-free outdoor water fun. The innovative design makes \r\nthem fast and easy to fill and super easy to clean up. They\'re easy to \r\nhold and throw for soaking water games, bursting when they hit a target.\r\n Nerf Better Than Balloons pods stay in 1 piece when they burst, so when\r\n the play is over, picking them up goes quickly. The water pods come \r\nattached together on a sheet and are easy to remove. The design and \r\nmaterial make them sturdy and reliable for a big splash of fun water \r\nplay for everyone from kids to adults. They are not made with natural \r\nrubber latex.  Includes a total of 36 pods on 3 sheets and a reusable \r\nnozzle. Nerf and all related properties are trademarks of Hasbro.\r\n\r\n\r\n</p><div id=\"descriptionBoxTwo\" class=\"lg:text-xl text-xl md:text-lg font-proxima-regular md:pt-[30px] pt-[5px] md:pl-[12.5%]\" bis_skin_checked=\"1\">•NERF\r\n BETTER THAN BALLOONS WATER PODS: They\'re the water balloon alternative!\r\n Burst into a revolution in water play with Nerf Better Than Balloons \r\npods! They\'re easy to fill, easy to use, and easy to clean up for fun, \r\nfrustration-free outdoor water games<br>•FAST FILL: Nerf Better Than \r\nBalloons brand patented water pods feature an innovative design that \r\nmakes them quick and easy to fill, for less prep time and more playtime<br>•EASY CLEAN UP: The water pods stay in 1 piece when they burst, making it fast and easy to clean up after play<br>•THROW THEM FOR A BURST OF FUN: They burst when they hit a target, releasing water in a soaking splash<br>•36 WATER PODS: This Nerf Better Than Balloons brand pack includes 36 colorful pods on 3 sheets<br>•OUTSIDE\r\n WATER TOYS FOR KIDS: Nerf Better Than Balloons water toys make backyard\r\n water fun better than ever with these easy to use, fun to throw water \r\npods<br><br>•Ages 3 and up <br>•CAUTION: Do not aim at eyes or face. <br>•WARNING: Small parts. Not for children under 3 years. <br>•Adult assembly required.<br>•Includes: 3 sheets (36 pods) and nozzle.</div><p></p>', 4.99, 0.40, 4.59, NULL, NULL, NULL, NULL, NULL, NULL, NULL, NULL, NULL, NULL, NULL, NULL, NULL, NULL, NULL, NULL, NULL, NULL, NULL, NULL, NULL, NULL, NULL, NULL, NULL, NULL, NULL, NULL, NULL, NULL, '/backend/files/HQ2zhmBdFQVNiSIatVaU.png', 1, 1, NULL, '2024-04-18 04:36:11', '2024-04-18 04:36:11'),
(6, 'Nerf N-Strike NanoFire (blue)', 'nerf-n-strike-nanofire-blue-', NULL, '<p>This compact Nerf blaster lets kids take it almost anywhere to start \r\nblasting almost anytime! Load 1 dart into the barrel, pull down the \r\npriming handle, and pull the trigger to fire. Reload and fire again! </p>', '<p>This compact Nerf blaster lets kids take it almost anywhere to start \r\nblasting almost anytime! Load 1 dart into the barrel, pull down the \r\npriming handle, and pull the trigger to fire. Reload and fire again! \r\nStorage for 2 darts on the handle. Comes with 3 Elite darts. Available \r\nin 2 colors: blue and red (each sold separately).<br><br>\" Includes blaster and 3 darts.<br><br>\" Compact size<br>\" Single-shot blaster<br>\" Fires 1 dart at a time<br>\" Includes 3 Elite darts<br><br>\" Ages 8 and up<br>\"\r\n CAUTION: Do not aim at eyes or face. TO AVOID INJURY: Use only darts \r\ndesigned for this product. Do not modify darts or dart blaster.</p>', 5.29, 0.42, 4.87, NULL, NULL, NULL, NULL, NULL, NULL, NULL, NULL, NULL, NULL, NULL, NULL, NULL, NULL, NULL, NULL, NULL, NULL, NULL, NULL, NULL, NULL, NULL, NULL, NULL, NULL, NULL, NULL, NULL, NULL, '/backend/files/sqiLR2eTcU2QNlHTUMAe.png', 1, 1, NULL, '2024-04-18 05:03:10', '2024-04-18 05:03:10'),
(7, 'Nerf N-Strike NanoFire (green)', 'nerf-n-strike-nanofire-green-', NULL, '<p>This compact Nerf blaster lets kids take it almost anywhere to start blasting almost anytime!</p>', '<p>This compact Nerf blaster lets kids take it almost anywhere to start \r\nblasting almost anytime! Load 1 dart into the barrel, pull down the \r\npriming handle, and pull the trigger to fire. Reload and fire again! \r\nStorage for 2 darts on the handle. Comes with 3 Elite darts. Available \r\nin 2 colors: blue and green (each sold separately).<br><br>\" Includes blaster and 3 darts.<br><br>\" Compact size<br>\" Single-shot blaster<br>\" Fires 1 dart at a time<br>\" Includes 3 Elite darts<br><br>\" Ages 8 and up<br>\"\r\n CAUTION: Do not aim at eyes or face. TO AVOID INJURY: Use only darts \r\ndesigned for this product. Do not modify darts or dart blaster.</p>', 5.29, 0.42, 4.87, NULL, NULL, NULL, NULL, NULL, NULL, NULL, NULL, NULL, NULL, NULL, NULL, NULL, NULL, NULL, NULL, NULL, NULL, NULL, NULL, NULL, NULL, NULL, NULL, NULL, NULL, NULL, NULL, NULL, NULL, '/backend/files/Yj309xHxzG053J2aTjbb.png', 1, 1, NULL, '2024-04-18 05:04:51', '2024-04-18 05:04:51'),
(8, 'Nerf Hyper 25-Round Boost Refill -- Includes Pack of 25 Official Nerf Hyper Rounds -- For Use with Nerf Hyper Blasters', 'nerf-hyper-25-round-boost-refill----includes-pack-of-25-official-nerf-hyper-rounds----for-use-with-nerf-hyper-blasters', NULL, '<p>Make sure you have all the rounds you need for your Nerf Hyper battles!</p>', '<p>Make sure you have all the rounds you need for your Nerf Hyper battles! \r\nThis pack of 25 Official Nerf Hyper rounds will keep you in the game -- \r\nwhen the hopper gets low, pour in more rounds and get back to battling. \r\nNerf Hyper rounds feature an innovative design and material that \r\nmaximizes speed and capacity. Stock up with this 25-count round refill \r\nset so you can outlast and outblast the competition! Eyewear recommended\r\n (not included). Blasters each sold separately. Nerf Hyper rounds are \r\ncompatible only with Nerf Hyper blasters. Nerf and all related \r\nproperties are trademarks of Hasbro.<br><br>•25 OFFICIAL NERF HYPER \r\nROUNDS: Pack includes 25 Nerf Hyper rounds to keep you stocked up and \r\nready to refill Nerf Hyper blasters so you can keep on competing in Nerf\r\n Hyper nonstop action<br>•DESIGNED FOR SPEED AND CAPACITY: Nerf Hyper rounds maximize speed and capacity with their innovative design and material<br>•FAST,\r\n EASY LOADING: They\'re easy to load into Nerf Hyper blaster hoppers -- \r\nopen the hopper lids and pour in the rounds -- and you’re back to \r\nbattling fast! (Blasters each sold separately)<br><br>•Ages 14 and up <br>•TO\r\n AVOID EYE INJURY:WARNING: Do not aim at eyes or face. Use of eyewear \r\nrequired for players and people within range. Use only official Hyper \r\nrounds. Other rounds may not be safe. Do not modify rounds or blaster. \r\nAges 14 and up.<br>•Includes: 25 rounds.</p>', 5.59, 0.45, 5.14, NULL, NULL, NULL, NULL, NULL, NULL, NULL, NULL, NULL, NULL, NULL, NULL, NULL, NULL, NULL, NULL, NULL, NULL, NULL, NULL, NULL, NULL, NULL, NULL, NULL, NULL, NULL, NULL, NULL, NULL, '/backend/files/eE5Aug7BVXOmoyIdXKyZ.png', 1, 1, NULL, '2024-04-18 05:07:03', '2024-04-18 05:07:03'),
(9, 'Nerf Super Soaker Torrent Water Blaster, Pump to Fire a Flooding Blast of Water, Outdoor Water-Blasting Fun', 'nerf-super-soaker-torrent-water-blaster-pump-to-fire-a-flooding-blast-of-water-outdoor-water-blasting-fun', NULL, '<p>Soak your targets with a flooding blast of water from the Nerf Super Soaker Torrent water blaster! </p>', '<p class=\"text-xl break-words lg:text-xl md:text-lg font-proxima-regular\">Soak\r\n your targets with a flooding blast of water from the Nerf Super Soaker \r\nTorrent water blaster! Storm into backyard battles with this Super \r\nSoaker blaster that\'s easy to fill and fun to fire. Put the front of the\r\n blaster in water and pull the plunger handle back to fill the tank, \r\nthen push the handle forward to shower everyone with a flood of water. \r\nIt\'s a great size for fast-moving outdoor games and easy to use, so \r\nkids, teens, and adults can all join in the fun. The Torrent is great \r\nway for everyone to get outside, get active, and get soaked! Tank \r\ncapacity is 8 fluid ounces (236 milliliters). The Nerf Super Soaker \r\nbrand has been pouring on the fun since 1989 and continues to drench \r\neveryone with water-blasting mayhem! Head outdoors for extreme soakage \r\nwith Nerf Super Soaker blasters! Nerf Super Soaker and all related \r\nproperties are trademarks of Hasbro.\r\n\r\n\r\n</p><div id=\"descriptionBoxTwo\" class=\"lg:text-xl text-xl md:text-lg font-proxima-regular md:pt-[30px] pt-[5px] md:pl-[12.5%]\">•A\r\n FLOODING BLAST OF WATER: The Nerf Super Soaker Torrent water blaster \r\nunleashes a flooding blast of water from the blaster\'s barrel<br>•PLUNGER-FIRING ACTION: Take aim at your targets and push the plunger handle forward to shower them with a soaking blast<br>•EASY\r\n TO FILL: Easy to use! Immerse the front of the blaster in water, and \r\npull the plunger handle back to fill the tank. Tank holds up to 8 fluid \r\nounces (236 milliliters)<br><br><br>•Ages 6 and up <br>•CAUTION: Do not aim at eyes or face. <br>•WARNING: Small parts may be generated.<br>•Includes: 1 water blaster.</div><p></p>', 5.59, 0.45, 5.14, NULL, NULL, NULL, NULL, NULL, NULL, NULL, NULL, NULL, NULL, NULL, NULL, NULL, NULL, NULL, NULL, NULL, NULL, NULL, NULL, NULL, NULL, NULL, NULL, NULL, NULL, NULL, NULL, NULL, NULL, '/backend/files/MIj162GzfxozqGYfdDo4.png', 1, 1, NULL, '2024-04-18 05:10:14', '2024-04-18 05:10:14'),
(10, 'Super Soaker Piranha', 'super-soaker-piranha', NULL, '<p>Unleash stealthy soakage with the Super Soaker Piranha water blaster!</p>', '<p>Unleash stealthy soakage with the Super Soaker Piranha water blaster! It\r\n features a compact size thats easy to carry, so battlers can launch a \r\nsurprise attack almost anywhere. Fill the tank with up to 6 fluid ounces\r\n (177 milliliters) of water, take aim, and pull the trigger to start \r\nsoaking. The blue and white blaster is optimized for one-handed \r\nblasting, so battlers can stay mobile as they strike with stealth to \r\nsoak the competition!<br><br>Copyright Larami Ltd.<br>Nerf Super Soaker and all related properties are trademarks of Hasbro.<br><br>\"	Includes: 1 water blaster.<br><br>\"	Unleash stealthy soakage with the Super Soaker Piranha water blaster<br>\"	Fill the tank and pull the trigger to soak opponents<br>\"	Tank holds up to 6 fluid ounces (177 milliliters)<br><br>\"	Ages 6 and up<br>\"	CAUTION: Do not aim at eyes or face. TO AVOID INJURY: Use only clean tap water.<br>\"	WARNING: CHOKING HAZARD - Small parts may be generated. Not for children under 3 years.</p>', 5.59, 0.45, 5.14, NULL, NULL, NULL, NULL, NULL, NULL, NULL, NULL, NULL, NULL, NULL, NULL, NULL, NULL, NULL, NULL, NULL, NULL, NULL, NULL, NULL, NULL, NULL, NULL, NULL, NULL, NULL, NULL, NULL, NULL, '/backend/files/pFuERVmvhkeBawu3Z6E3.png', 1, 1, NULL, '2024-04-18 05:12:01', '2024-04-18 05:12:01'),
(11, 'Nerf Elite 2.0 Jolly Dash Dart Blaster and 2 Nerf Elite Darts, Pull Down Priming', 'nerf-elite-2-0-jolly-dash-dart-blaster-and-2-nerf-elite-darts-pull-down-priming', NULL, '<p>Blast into a winter wonderland of fun Nerf games with the Nerf Elite 2.0\r\n Jolly Dash blaster that features colorful holiday-themed decorations \r\nand a jolly design!</p>', '<p>Blast into a winter wonderland of fun Nerf games with the Nerf Elite 2.0\r\n Jolly Dash blaster that features colorful holiday-themed decorations \r\nand a jolly design! Celebrate the season with this easy-to-use dart \r\nblaster that’s a great holiday gift for 8 year old boys and girls. It \r\ncomes with 2 Official Nerf Elite foam darts that are perfect for indoor \r\nand outdoor play. The blaster is topped with a fun scope design that \r\nadds to the blaster’s festive look. The compact size makes it easy to \r\ninclude with holiday gifts, to give kids a bright holiday surprise \r\nthat’s a real blast! Kids can dash into battling in 3 easy steps. Load 1\r\n dart into the front of the blaster, pull down the priming handle, and \r\npull the trigger. Eyewear recommended (not included). No batteries \r\nrequired. Nerf and all related properties are trademarks of Hasbro.<br><br>•FUN\r\n WINTER HOLIDAY LOOK: The Nerf Elite 2.0 Jolly Dash blaster features a \r\ncolorful wintertime holiday look for fun dart blasting! A jolly gift for\r\n 8 year old boys and girls<br>•LAUNCH INTO PULL DOWN PRIMING: The \r\nholidays are a blast with the Nerf Jolly Dash blaster! It has an easy \r\npull-down priming handle to get you dashing into fun Nerf games<br>•2 \r\nNERF ELITE 2.0 FOAM DARTS: The blaster includes 2 Official Nerf Elite \r\n2.0 foam darts that are great for indoor and outdoor kids games<br>•FUN SCOPE DESIGN: Look through the specially themed scope to take aim at targets for a winter wonderland of fun dart blasting<br>•EASY\r\n LOAD AND FIRE: Start blasting in 3 easy steps! Front load a dart, pull \r\ndown the priming handle, and pull the trigger to fire<br><br>•Ages 8 and up <br>•TO\r\n AVOID EYE INJURY: WARNING: Do not aim at eyes or face. Use of eyewear \r\nrecommended for players and people within range. Use only official Nerf \r\ndarts. Other darts may not meet safety standards. Do not modify darts or\r\n blaster. <br>•WARNING: CHOKING HAZARD - Small parts may be generated. Not for children under 3 years.<br>•Includes: blaster and 2 darts.</p>', 5.59, 0.45, 5.14, NULL, NULL, NULL, NULL, NULL, NULL, NULL, NULL, NULL, NULL, NULL, NULL, NULL, NULL, NULL, NULL, NULL, NULL, NULL, NULL, NULL, NULL, NULL, NULL, NULL, NULL, NULL, NULL, NULL, NULL, '/backend/files/eOOdvFmOmnm0Yw4fNNPk.png', 1, 1, NULL, '2024-04-18 05:14:57', '2024-04-18 05:14:57'),
(12, 'Nerf Elite 2.0 Egg Hunt Dart Blaster and 2 Nerf Elite Darts', 'nerf-elite-2-0-egg-hunt-dart-blaster-and-2-nerf-elite-darts', NULL, '<p>Spring into fun Nerf games with the Nerf 2.0 Egg Hunt blaster that \r\nfeatures bright colors, fun decorations, and a playful design!</p>', '<p>Spring into fun Nerf games with the Nerf 2.0 Egg Hunt blaster that \r\nfeatures bright colors, fun decorations, and a playful design! This \r\neasy-to-use dart blaster is a great spring holiday gift for 8 year old \r\nboys and girls. It comes with 2 Official Nerf Elite foam darts that are \r\nperfect for indoor and outdoor games. The blaster is topped with a fun \r\nscope design that adds to the springtime theme. The compact size makes \r\nit easy to include in holiday gift baskets for an awesome dart-blasting \r\nsurprise. Kids can hop into battling in 3 easy steps. Load 1 dart into \r\nthe front of the blaster, pull down the priming handle, and pull the \r\ntrigger. Eyewear recommended (not included). No batteries required. Nerf\r\n and all related properties are trademarks of Hasbro.<br><br>•FUN \r\nSPRINGTIME LOOK: The Nerf Elite 2.0 Egg Hunt blaster features a bright, \r\ncolorful springtime look for fun dart blasting! A great spring holiday \r\ngift for 8 year old boys and girls<br>•HOP INTO PULL DOWN PRIMING: The Egg Hunt blaster has an easy pull-down priming handle to get you blasting into fun Nerf games<br>•2\r\n NERF ELITE 2.0 FOAM DARTS: The blaster includes 2 Official Nerf Elite \r\n2.0 foam darts that are great for indoor and outdoor Nerf battles<br>•FUN\r\n SCOPE DESIGN: The blaster is all ears when it comes to aiming! Look \r\nthrough the specially themed scope to take aim at targets<br>•EASY LOAD \r\nAND FIRE: Start blasting in 3 easy steps! Front load a dart, pull down \r\nthe priming handle, and pull the trigger to spring into fun Nerf play<br><br>•Ages 8 and up <br>•TO\r\n AVOID EYE INJURY: WARNING: Do not aim at eyes or face. Use of eyewear \r\nrecommended for players and people within range. Use only official Nerf \r\ndarts. Other darts may not meet safety standards. Do not modify darts or\r\n blaster. <br>•WARNING: CHOKING HAZARD - Small parts may be generated. Not for children under 3 years.<br>•Includes: blaster and 2 darts.</p>', 5.59, 0.45, 5.14, NULL, NULL, NULL, NULL, NULL, NULL, NULL, NULL, NULL, NULL, NULL, NULL, NULL, NULL, NULL, NULL, NULL, NULL, NULL, NULL, NULL, NULL, NULL, NULL, NULL, NULL, NULL, NULL, NULL, NULL, '/backend/files/VyD1sZCkTkFwOx17Ky0j.png', 1, 1, NULL, '2024-04-18 05:17:09', '2024-04-18 05:17:09'),
(13, 'Nerf Super Soaker Hydro Balls 3-Pack, Reusable Water-Filled Balls', 'nerf-super-soaker-hydro-balls-3-pack-reusable-water-filled-balls', NULL, '<p>Nerf Super Soaker Hydro Balls are reusable water-filled balls that burst on impact to splatter water everywhere! </p>', '<p class=\"text-xl break-words lg:text-xl md:text-lg font-proxima-regular\">Nerf\r\n Super Soaker Hydro Balls are reusable water-filled balls that burst on \r\nimpact to splatter water everywhere! They\'re fast and easy to refill to \r\nkeep the water-drenching fun going in outdoor Nerf Super Soaker games. \r\nThe balls are made with a soft, flexible material. This set includes 3 \r\ncolorful Hydro Balls toys that separate into 2 interchangeable halves, \r\nso it\'s a cinch to put them back together for quick refilling. And \r\nfilling them up is easy! Attach the halves, dunk the balls in water, \r\nsqueeze them, and you\'re ready to go. And after throwing them, cleanup \r\nis quick, just pick up the halves and refill. They\'re great outdoor \r\nwater toys for 6 year old boys and girls, and lots of fun for everyone. \r\nThe Nerf Super Soaker brand has been pouring on the fun since 1989 and \r\ncontinues to drench kids, teens, and adults with lots of water-blasting \r\nmayhem! Nerf and all related properties are trademarks of Hasbro.\r\n\r\n\r\n</p><div id=\"descriptionBoxTwo\" class=\"lg:text-xl text-xl md:text-lg font-proxima-regular md:pt-[30px] pt-[5px] md:pl-[12.5%]\">•NERF\r\n SUPER SOAKER HYDRO BALLS: Reusable water-filled balls burst on impact! \r\nFill them with water and they burst apart when they connect with a \r\ntarget, splattering water everywhere<br>•QUICK AND EASY TO FILL AND \r\nREFILL: The balls have 2 interchangeable halves. Attach 2 halves, dunk \r\nthe ball in water, squeeze it to add the water, and you\'re ready to go<br>•INCLUDES\r\n 3 NERF HYDRO BALLS: This set comes with 3 balls. The balls separate \r\ninto 2 halves, and the halves are interchangeable, so it\'s easy to keep \r\nrefilling them as you play<br>•SOFT MATERIAL: Nerf Hydro balls are made with soft, flexible material for lots of blasting fun<br>•EASY\r\n CLEANUP: Play more, clean up less with reusable Nerf Super Soaker Hydro\r\n Ball toys! After the balls burst apart, you simply pick the halves and \r\nrefill them<br><br>•Ages 6 and up <br>•CAUTION: Do not aim at eyes or face. <br>•WARNING: Small parts may be generated.<br>•Includes: 3 balls.</div><p></p>', 5.99, 0.48, 5.51, NULL, NULL, NULL, NULL, NULL, NULL, NULL, NULL, NULL, NULL, NULL, NULL, NULL, NULL, NULL, NULL, NULL, NULL, NULL, NULL, NULL, NULL, NULL, NULL, NULL, NULL, NULL, NULL, NULL, NULL, '/backend/files/BCZfP8HXHof3ttSSwRx7.png', 1, 1, NULL, '2024-04-18 05:21:29', '2024-04-18 05:21:29'),
(14, 'Nerf Sports Turbo Jr Football', 'nerf-sports-turbo-jr-football', NULL, '<p>Get into the game with the Nerf Sports Turbo Jr. football!</p>', '<p>Get into the game with the Nerf Sports Turbo Jr. football! This classic \r\nfootball is made of soft foam so kids can bring it with them to play \r\nalmost anywhere, anytime. Practice throws and passes and grab some \r\nfriends for a game with the Nerf Sports Turbo Jr. football! Nerf and all\r\n related properties are trademarks of Hasbro.<br><br>•Foam football<br>•Durable for tough play<br>•Play anytime and anywhere<br><br>•Ages 4 and up.<br>•Includes 1 football.</p>', 6.29, 0.50, 5.79, NULL, NULL, NULL, NULL, NULL, NULL, NULL, NULL, NULL, NULL, NULL, NULL, NULL, NULL, NULL, NULL, NULL, NULL, NULL, NULL, NULL, NULL, NULL, NULL, NULL, NULL, NULL, NULL, NULL, NULL, '/backend/files/OcFMM3r2M5pT88mVN9Bh.png', 1, 1, NULL, '2024-04-18 05:23:17', '2024-04-18 05:23:17'),
(15, 'Nerf Super Soaker DinoSquad Raptor-Surge Water Blaster, Trigger-Fire Soakage For Outdoor Summer Water Games', 'nerf-super-soaker-dinosquad-raptor-surge-water-blaster-trigger-fire-soakage-for-outdoor-summer-water-games', NULL, '<p>Team up with legendary dinosaurs as a member of the elite Dinosquad! \r\nHarness the extraordinary force of the greatest dinosaurs of all and \r\nblast into amazing adventures!</p>', '<p class=\"text-xl break-words lg:text-xl md:text-lg font-proxima-regular\">Team\r\n up with legendary dinosaurs as a member of the elite Dinosquad! Harness\r\n the extraordinary force of the greatest dinosaurs of all and blast into\r\n amazing adventures! Send a dinotastic blast of water at your targets \r\nwith the DinoSquad Raptor-Surge water blaster! This Nerf Super Soaker \r\nwater blaster is inspired by a Velociraptor dinosaur\'s features for wild\r\n water-drenching adventures. Take aim and blast water from its mouth to \r\nsoak your targets! It\'s great for outdoor games, backyard battles, and \r\nall kinds of summertime fun. Great for kids, teens, and adults, and \r\nideal for dino-fans everywhere. Easy to fill and easy to fire: Open the \r\ncap, fill the tank with water, and close the cap, then pull the trigger \r\nto unleash a soaking stream of water! Nerf Super Soaker and all related \r\nproperties are trademarks of Hasbro.\r\n\r\n\r\n</p><div id=\"descriptionBoxTwo\" class=\"lg:text-xl text-xl md:text-lg font-proxima-regular md:pt-[30px] pt-[5px] md:pl-[12.5%]\">•NERF\r\n DINOSQUAD RAPTOR-SURGE WATER BLASTER: Unleash a stream of water from \r\nthe dinosaur\'s mouth! Head outside and take aim at your targets to pour \r\non water-blasting dinosaur action<br>•AWESOME DINOSAUR DESIGN: This Nerf\r\n Super Soaker DinoSquad water blaster captures the look of a \r\nVelociraptor dinosaur for wild outdoor games and summer soakage fun<br>•EASY\r\n TO FILL, EASY TO FIRE: Open the cap and fill the tank with water, close\r\n the cap, and pull the trigger to send out a soaking blast of water<br><br><br>•Ages 6 and up <br>•CAUTION: Do not aim at eyes or face. <br>•WARNING: CHOKING HAZARD – Small parts may be generated. Not for children under 3 years.<br>•Includes: 1 water blaster.</div><p></p>', 6.59, 0.53, 6.06, NULL, NULL, NULL, NULL, NULL, NULL, NULL, NULL, NULL, NULL, NULL, NULL, NULL, NULL, NULL, NULL, NULL, NULL, NULL, NULL, NULL, NULL, NULL, NULL, NULL, NULL, NULL, NULL, NULL, NULL, '/backend/files/rPcEjARipiHOYbQx3MYh.png', 1, 1, NULL, '2024-04-18 05:27:25', '2024-04-18 05:27:25'),
(16, 'Nerf MicroShots Zombie Strike Crossfire Bow', 'nerf-microshots-zombie-strike-crossfire-bow', NULL, '<p>Blast into big fun with Nerf MicroShots series that features collectible, mini-sized versions of favorite Nerf blasters (each sold separately)!<br></p>', '<p>Blast into big fun with Nerf MicroShots series that features \r\ncollectible, mini-sized versions of favorite Nerf blasters (each sold \r\nseparately)! Defend against the zombies with the MicroShots Zombie \r\nStrike Crossfire bow, which fires 1 dart at a time and comes with 2 \r\nElite darts. <br><br>\" Includes blaster and 2 darts.<br><br>\" Mini version of a favorite Nerf blaster<br>\" Part of the collectible MicroShots series<br>\" Fires 1 dart at a time<br>\" Includes 2 Zombie Strike darts<br><br>\" Ages 8 and up<br>\"\r\n CAUTION: Do not aim at eyes or face. TO AVOID INJURY: Use only darts \r\ndesigned for this product. Do not modify darts or dart blaster.<br>\" WARNING: CHOKING HAZARD  Small parts may be generated. Not for children under 3 years.</p>', 7.99, 0.64, 7.35, NULL, NULL, NULL, NULL, NULL, NULL, NULL, NULL, NULL, NULL, NULL, NULL, NULL, NULL, NULL, NULL, NULL, NULL, NULL, NULL, NULL, NULL, NULL, NULL, NULL, NULL, NULL, NULL, NULL, NULL, '/backend/files/KMD0zHUN3tUu0DFA2DNs.png', 1, 1, NULL, '2024-04-18 05:30:16', '2024-04-18 05:30:16'),
(17, 'Nerf Alpha Strike Boa RC-6 Blaster with 6-Dart Rotating Drum -- Fire 6 Darts in a Row -- Includes 6 Nerf Elite Darts', 'nerf-alpha-strike-boa-rc-6-blaster-with-6-dart-rotating-drum----fire-6-darts-in-a-row----includes-6-nerf-elite-darts', NULL, '<p>Fire 6 darts in a row from the Nerf Alpha Strike Boa RC-6 blaster that \r\nfeatures a rotating, 6-dart drum and includes 6 Official Nerf Elite foam\r\n darts that are great for indoor and outdoor games.</p>', '<p class=\"text-xl break-words lg:text-xl md:text-lg font-proxima-regular\">Fire\r\n 6 darts in a row from the Nerf Alpha Strike Boa RC-6 blaster that \r\nfeatures a rotating, 6-dart drum and includes 6 Official Nerf Elite foam\r\n darts that are great for indoor and outdoor games. You\'re ready for \r\nNerf dart-blasting fun fast as you load 6 darts into the drum, pull the \r\npriming handle, and press the trigger to fire 1 dart. Start blasting \r\nwith Alpha Strike blasters from Nerf, the number one blaster brand*! If \r\nyou’re new to the Nerf brand, Alpha Strike blasters are an awesome way \r\nto get into adrenaline-pumping Nerf battles and experience the power and\r\n performance of the Nerf brand. They’re easy to use so first-time \r\nbattlers can begin blasting fast. If you’re already a Nerf fan, these \r\nblasters are great additions to Nerf collections! Eyewear recommended \r\n(not included). No batteries required. *Source: NPD POS Full Year 2019 \r\nBlasters/Shooters &amp; Accessories, G11 (US, AUS, CA, FR, GM, MX, BR \r\nRS, SP, UK, IT) Nerf and all related properties are trademarks of \r\nHasbro.\r\n\r\n\r\n</p><div id=\"descriptionBoxTwo\" class=\"lg:text-xl text-xl md:text-lg font-proxima-regular md:pt-[30px] pt-[5px] md:pl-[12.5%]\">•BOA\r\n RC-6 WITH 6-DART ROTATING DRUM: Fire 6 darts in a row from the Nerf \r\nAlpha Strike Boa RC-6 blaster that features a rotating 6-dart drum<br>•INCLUDES\r\n 6 OFFICIAL NERF ELITE DARTS: Includes 6 Official Nerf Elite foam darts \r\nthat great for indoor and outdoor play and are tested and approved for \r\nperformance and quality<br>•6-DART TARGET BLASTING: Load 6 darts into \r\nthe blaster, then pull the handle to prime the blaster and press the \r\ntrigger to fire (no batteries required)<br>•START BLASTING WITH NERF \r\nALPHA STRIKE BLASTERS: Alpha Strike blasters are a great way to start \r\nexperiencing the power, performance, and excitement of Nerf, the number \r\none blaster brand*<br><br>•Ages 8 and up <br>•TO AVOID EYE INJURY: \r\nWARNING: Do not aim at eyes or face. Use of eyewear recommended for \r\nplayers and people within range. Use only official Nerf darts. Other \r\ndarts may not meet safety standards. Do not modify darts or blaster. <br>•WARNING: CHOKING HAZARD – Small parts may be generated. Not for children under 3 years.<br>•Includes: blaster and 6 darts.</div><p></p>', 7.99, 0.64, 7.35, NULL, NULL, NULL, NULL, NULL, NULL, NULL, NULL, NULL, NULL, NULL, NULL, NULL, NULL, NULL, NULL, NULL, NULL, NULL, NULL, NULL, NULL, NULL, NULL, NULL, NULL, NULL, NULL, NULL, NULL, '/backend/files/lsHDcWET6clxPCL0HhMC.png', 1, 1, NULL, '2024-04-18 05:33:02', '2024-04-18 05:33:02'),
(18, 'Nerf Pro Gelfire Ignitor Blaster, 1,000 Gelfire Rounds, 60 Round Capacity, T-Pull Priming, Eyewear', 'nerf-pro-gelfire-ignitor-blaster-1-000-gelfire-rounds-60-round-capacity-t-pull-priming-eyewear', NULL, '<p>Burst into battle with Nerf Pro Gelfire blasters featuring hydrated rounds that burst on impact!</p>', '<p class=\"text-xl break-words lg:text-xl md:text-lg font-proxima-regular\">Burst\r\n into battle with Nerf Pro Gelfire blasters featuring hydrated rounds \r\nthat burst on impact! The blasters deliver high-performance blasting to \r\nignite your competitive advantage. Nerf Pro Gelfire rounds come \r\ndehydrated in the box, giving you a huge amount of rounds for multiple \r\nrefills. Add water to hydrate the rounds for 3 to 4 hours to prepare \r\nthem for use. The hydrated gel rounds fire from the blaster at a high \r\nvelocity and burst when they hit a target. No need to pick up rounds! \r\nThe Nerf Pro Gelfire Ignitor blaster packs a lot of power in a compact \r\nsize, firing a round at a velocity of up to 150 FPS. It’s the perfect \r\nsidekick blaster to take along so you’re always ready for action. The \r\nblaster includes 1,000 dehydrated Nerf Pro Gelfire soft super absorbent \r\npolymer projectiles, and has up to 60-round capacity, trigger lock, and \r\nprotective eyewear. Outdoor use recommended. For ages 14 and up.\r\n\r\n\r\nNERF and HASBRO and all related trademarks and logos are trademarks of \r\nHasbro, Inc.\r\n\r\n\r\n</p><div id=\"descriptionBoxTwo\" class=\"lg:text-xl text-xl md:text-lg font-proxima-regular md:pt-[30px] pt-[5px] md:pl-[12.5%]\">•\r\n	BURST INTO BATTLE WITH NERF PRO GELFIRE BLASTERS: The blasters fire \r\nhydrated rounds that burst on impact and deliver high-performance \r\nblasting to ignite your competitive advantage. Ages 14 and up<br>•	NERF \r\nPRO GELFIRE IGNITOR BLASTER: This single fire blaster packs plenty of \r\npower in its compact size, making it a great sidekick in battle<br>•	\r\nINCLUDES 1,000 NERF PRO DEHYDRATED GELFIRE ROUNDS: Add water to hydrate \r\nthe soft super absorbent polymer projectiles. No pick-up needed<br>•	150 FPS: Unleash 1 round at time from this single-fire blaster at a velocity of 150 feet per second* <br>•	60-ROUND CAPACITY: The Ignitor blaster holds up to 60 hydrated Nerf Pro Gelfire rounds <br>•\r\n	NERF PRO GELFIRE BLASTERS ARE GREAT GIFTS FOR TEENS: They deliver \r\nhigh-performance blasting to ignite your competitive advantage! Each \r\nsold separately, subject to availability<br><br>•	Includes: blaster, 2x 500 round packets, protective eyewear, and instructions.<br>•	Ages 14 and up<br>•\r\n	TO AVOID EYE INJURY: WARNING: Do not aim at eyes or face. Use of \r\neyewear always required for players and people within range. Use only \r\nofficial NERF GelFire Rounds. Use only clean tap water to hydrate \r\nrounds. Do not freeze or modify rounds. Do not modify blaster. Impact \r\nfrom rounds may cause temporary marks on skin. Ages 14 and up. This is \r\nnot a toy. Read instructions before use for important safety \r\ninformation.<br>•	Do not eat. Keep away from pets.<br>•	Rounds may stain.</div><p></p>', 9.99, 0.80, 9.19, NULL, NULL, NULL, NULL, NULL, NULL, NULL, NULL, NULL, NULL, NULL, NULL, NULL, NULL, NULL, NULL, NULL, NULL, NULL, NULL, NULL, NULL, NULL, NULL, NULL, NULL, NULL, NULL, NULL, NULL, '/backend/files/hgfW8oPUotUqtAqsvr2m.png', 1, 1, NULL, '2024-04-18 05:37:24', '2024-04-18 05:37:24'),
(19, 'Nerf N-Strike Elite Scout MKII', 'nerf-n-strike-elite-scout-mkii', NULL, '<p>Scout out the competition and strike fast with the Nerf N-Strike Elite Scout MKII blaster!</p>', '<p>Scout out the competition and strike fast with the Nerf N-Strike Elite \r\nScout MKII blaster! The rotating barrel holds 4 Nerf Elite darts and \r\nunleashes them 1 at a time. Load 4 darts into the front of the barrel, \r\npull back the handle to prime the blaster, and pull the trigger to fire 1\r\n dart. When the battle calls for mobility, grab the Scout MKII blaster \r\nto stay ready to act quickly as the action heats up. The Nef N-Strike \r\nElite Scout MKII blaster comes with 4 Nerf Elite darts designed for \r\ndistance. Nerf and all related properties are trademarks of Hasbro.<br><br>•4-dart rotating drum<br>•Includes 4 Nerf Elite darts designed for distance<br>•Fires 4 darts in a row<br><br>•Ages 8 and up <br>•CAUTION:\r\n Do not aim at eyes or face. TO AVOID INJURY: Use only darts designed \r\nfor this product. Do not modify darts or dart blaster. <br>•WARNING: CHOKING HAZARD - Small parts may be generated. Not for children under 3 years.<br>•Includes: blaster and 4 darts.</p>', 10.00, 0.80, 9.20, NULL, NULL, NULL, NULL, NULL, NULL, NULL, NULL, NULL, NULL, NULL, NULL, NULL, NULL, NULL, NULL, NULL, NULL, NULL, NULL, NULL, NULL, NULL, NULL, NULL, NULL, NULL, NULL, NULL, NULL, '/backend/files/XHM5N4qbgi6xqSF1fSpq.png', 1, 1, NULL, '2024-04-18 05:39:33', '2024-04-18 05:39:33'),
(20, 'Nerf Elite 2.0 Tetrad QS-4 Blaster, 4 Nerf Elite Darts, 4-Barrel Blasting, Tactical Rail for Customizing Capability', 'nerf-elite-2-0-tetrad-qs-4-blaster-4-nerf-elite-darts-4-barrel-blasting-tactical-rail-for-customizing-capability', NULL, '<p>Launch 4 darts in a row at your targets with the Nerf Elite 2.0 Tetrad \r\nQS-4 blaster that features 4 front-loading barrels. Load 1 dart into \r\neach barrel, pump the priming slide backward and forward, and pull the \r\ntrigger to unleash 1 dart.</p>', '<p class=\"text-xl break-words lg:text-xl md:text-lg font-proxima-regular\">Launch\r\n 4 darts in a row at your targets with the Nerf Elite 2.0 Tetrad QS-4 \r\nblaster that features 4 front-loading barrels. Load 1 dart into each \r\nbarrel, pump the priming slide backward and forward, and pull the \r\ntrigger to unleash 1 dart. Includes 4 Official Nerf Elite darts that are\r\n great for indoor and outdoor Nerf battles. The blaster has a tactical \r\nrail so you can customize it with Nerf accessories. Take advantage of \r\nthe stock to stabilize your aim as you challenge the competition in Nerf\r\n games. Gear up for battle with Nerf Elite 2.0 blasters that feature \r\nbuilt-in customizing capabilities so you can upgrade them and seize the \r\nadvantage in Nerf competitions. Build your stockpile of Elite 2.0 \r\nblasters to optimize your game strategy and bring tactical performance \r\nand flexibility to every mission and battle! Eyewear recommended (not \r\nincluded). Additional accessories sold separately, subject to \r\navailability. No batteries required. Nerf and all related properties are\r\n trademarks of Hasbro.\r\n\r\n\r\n</p><div id=\"descriptionBoxTwo\" class=\"lg:text-xl text-xl md:text-lg font-proxima-regular md:pt-[30px] pt-[5px] md:pl-[12.5%]\">•4-BARREL BLASTING: The Tetrad QS-4 blaster has 4 front-loading barrels so you can fire 4 darts in a row at your targets<br>•GREAT\r\n BLASTER TO START OR BUILD YOUR NERF STOCKPILE: Fun to blast, easy to \r\nuse! Tetrad QS-4 blaster is perfect for first-time Nerf battlers and is a\r\n great addition to your Nerf blaster collection<br>•INCLUDES 4 NERF \r\nDARTS: Comes with 4 Official Nerf Elite foam darts that are tested and \r\napproved for performance and quality and are great for indoor and \r\noutdoor Nerf battles<br>•EASY TO LOAD, PRIME, AND FIRE: Start blasting \r\nin no time with this easy-to-use blaster! Front-load a dart into each \r\nbarrel, pump the priming handle back and forth, and pull trigger to \r\nlaunch a dart<br>•UPGRADE-READY BLASTER: The Nerf Elite 2.0 Tetrad QS-4 \r\nblaster has a tactical rail to customize the blaster for every battle or\r\n mission<br><br>•Ages 8 and up <br>•TO AVOID EYE INJURY: WARNING: Do not\r\n aim at eyes or face. Use of eyewear recommended for players and people \r\nwithin range. Use only official Nerf darts. Other darts may not meet \r\nsafety standards. Do not modify darts or blaster. <br>•WARNING: CHOKING HAZARD - Small parts may be generated. Not for children under 3 years.<br>•Includes: blaster and 4 darts.</div><p></p>', 10.00, 0.80, 9.20, NULL, NULL, NULL, NULL, NULL, NULL, NULL, NULL, NULL, NULL, NULL, NULL, NULL, NULL, NULL, NULL, NULL, NULL, NULL, NULL, NULL, NULL, NULL, NULL, NULL, NULL, NULL, NULL, NULL, NULL, '/backend/files/mMVMfGtFMBjVZDikx3tb.png', 1, 1, NULL, '2024-04-18 05:43:36', '2024-04-18 05:43:36');
INSERT INTO `product` (`id`, `name`, `slug`, `description`, `description_short`, `description_full`, `selling_price`, `profit`, `buying_price`, `qty_status`, `meta_title`, `meta_description`, `meta_keyword`, `product_tag`, `brand`, `sku`, `external_link`, `sell_qty`, `balance_qty`, `cash_dev_status`, `price`, `unit`, `stock_qty`, `stock_mini_qty`, `stock_status`, `manufacturer`, `download_link`, `year`, `discount`, `discount_status`, `shipping_days`, `free_shopping`, `flat_rate_status`, `flat_rate_price`, `draw_details`, `vat`, `vat_status`, `tax`, `tax_status`, `thumnail_img`, `status`, `entry_by`, `counter`, `created_at`, `updated_at`) VALUES
(21, 'Marvel Spidey and His Amazing Friends Webs Up Mini, Collectible 2.5-Inch Scale Action Figure In Web Case, For Kids 3 And Up', 'marvel-spidey-and-his-amazing-friends-webs-up-mini-collectible-2-5-inch-scale-action-figure-in-web-case-for-kids-3-and-up', NULL, '<p>It\'s Spidey Time! Marvel\'s Spidey and His Amazing Friends follows the \r\nadventures of the Super Hero Spidey and all his heroic friends!</p>', '<p class=\"text-xl break-words lg:text-xl md:text-lg font-proxima-regular\">It\'s\r\n Spidey Time! Marvel\'s Spidey and His Amazing Friends follows the \r\nadventures of the Super Hero Spidey and all his heroic friends! Spidey, \r\nGhost-Spider, and Miles Morales all have super spider-powers: \r\nspider-sense, super-strength, wall-crawling, and more! Each brings \r\nsomething unique to their crime-fighting adventures, making them even \r\nstronger when they\'re working together as the amazing Spider Team! But \r\neven the best team sometimes needs a helping hand— that\'s when it\'s good\r\n to have allies like Ms. Marvel, Black Panther, and even Hulk! It\'s hard\r\n being a Super Hero, but it helps when you have such Amazing Friends! \r\nStopping bad guys and crawling walls–Team Spidey does it all! Copyright \r\nMARVEL. All trademarks and registered trademarks are the property of \r\ntheir respective owners. Hasbro and all related terms are trademarks of \r\nHasbro.\r\n\r\n\r\n</p><div id=\"descriptionBoxTwo\" class=\"lg:text-xl text-xl md:text-lg font-proxima-regular md:pt-[30px] pt-[5px] md:pl-[12.5%]\">•MARVEL\r\n CHARACTER INSPIRED BY THE ANIMATED SHOW: Web-out with an iconic Marvel \r\ncharacter from the new preschool show on Disney Jr.! Kids will love \r\nplaying with this figure inspired by Spidey And His Amazing Friends.<br>•ACTION\r\n FIGURE WITH WEB CASE: Each 2.5-inch scale Spidey And His Amazing \r\nFriends Webs Up Mini comes in a plastic Web Case that kids can open and \r\nclose! Keep the case to use for other web capture adventures<br>•COLLECT\r\n ALL 9 MYSTERY FIGURES: Marvel Spidey And His Amazing Friends Webs Up \r\nMini is one of 9 surprise figures that kids can’t see until they open \r\nthe case! Makes a great birthday gift or holiday gift for kids<br>•LOOK \r\nWHO’S IN THE CASE: Kids can’t wait to open the web case and solve the \r\nmystery of who’s inside: Ghost-Spider, Miles Morales, Black Panther, Ms.\r\n Marvel, Hulk, Trace-E, Green Goblin, or one of two versions of Spidey.<br>•COLLECT\r\n THE SPIDEY TEAM AND VEHICLES: Let\'s swing, Spidey Team! Look out for \r\nother Spidey and His Amazing Friends vehicles, playsets, and figures<br><br>•Ages 3 and up <br>•Warning: Choking Hazard - Small parts may be generated. Not for children under 3 years.<br>•Includes figure and web case.</div><p></p>', 4.49, 0.36, 4.13, NULL, NULL, NULL, NULL, NULL, NULL, NULL, NULL, NULL, NULL, NULL, NULL, NULL, NULL, NULL, NULL, NULL, NULL, NULL, NULL, NULL, NULL, NULL, NULL, NULL, NULL, NULL, NULL, NULL, NULL, '/backend/files/dpRH472jscIqahrohmZr.png', 1, 1, NULL, '2024-04-18 05:57:38', '2024-04-18 05:57:38'),
(22, 'Marvel Spidey and His Amazing Friends Miles Morales Hero Figure, 4-Inch Scale Action Figure And 1 Accessory, For Kids Ages 3 And Up', 'marvel-spidey-and-his-amazing-friends-miles-morales-hero-figure-4-inch-scale-action-figure-and-1-accessory-for-kids-ages-3-and-up', NULL, '<p>The youngest member of the Spidey Team, Miles is enthusiastic, fun, and \r\nloves to paint and draw almost as much as he loves being a hero! </p>', '<p class=\"text-xl break-words lg:text-xl md:text-lg font-proxima-regular\">The\r\n youngest member of the Spidey Team, Miles is enthusiastic, fun, and \r\nloves to paint and draw almost as much as he loves being a hero! Miles \r\nmight be new to being a hero, but he sure is an expert at having fun! \r\nIt\'s Spidey Time! Marvel\'s Spidey and His Amazing Friends follows the \r\nadventures of the Super Hero Spidey and all his heroic friends! Spidey, \r\nGhost-Spider, and Miles Morales all have super spider-powers: \r\nspider-sense, super-strength, wall-crawling, and more! Each brings \r\nsomething unique to their crime-fighting adventures, making them even \r\nstronger when they\'re working together as the amazing Spider Team! But \r\neven the best team sometimes needs a helping hand— that\'s when it\'s good\r\n to have allies like Ms. Marvel, Black Panther, and even Hulk! It\'s hard\r\n being a Super Hero, but it helps when you have such Amazing Friends! \r\nStopping bad guys and crawling walls–Team Spidey does it all! Copyright \r\nMARVEL. All trademarks and registered trademarks are the property of \r\ntheir respective owners. Hasbro and all related terms are trademarks of \r\nHasbro.\r\n\r\n\r\n</p><div id=\"descriptionBoxTwo\" class=\"lg:text-xl text-xl md:text-lg font-proxima-regular md:pt-[30px] pt-[5px] md:pl-[12.5%]\">•ICONIC\r\n MARVEL CHARACTER INSPIRED BY THE ANIMATED SHOW: Web-out with an iconic \r\nMarvel character! Kids will love playing with this fan-favorite Miles \r\nMorales figure inspired by Spidey And His Amazing Friends, the preschool\r\n Marvel animated show on Disney Jr.<br>•POSEABLE ACTION FIGURE: Each \r\n4-inch scale Spidey And His Amazing Friends Hero figure features 5 \r\npoints of articulation. Pose your hero for any exciting adventure<br>•BIG\r\n HERO FUN FOR SMALL SPIDEY FANS: Marvel Spidey And His Amazing Friends \r\nfigures and vehicles are sized right for small hands. This toy makes a \r\ngreat birthday gift or holiday gift for kids<br>•IMAGINE SENSATIONAL \r\nSPIDEY ADVENTURES WITH FIGURE &amp; ACCESSORY: Inspire bold, creative \r\nplay with this Marvel Spidey and His Amazing Friends Miles Morales \r\nfigure and web accessory that clips on figure\'s wrist<br>•COLLECT THEM \r\nALL: Let\'s swing, Spidey Team! Look out for other Spidey and His Amazing\r\n Friends figures and collect them all, including: Spidey, Miles Morales,\r\n Green Goblin, and Ghost-Spider<br><br>•Ages 3 and up <br>•Warning: Choking Hazard - Small parts may be generated. Not for children under 3 years.<br>•Includes figure and accessory.</div><p></p>', 5.59, 0.45, 5.14, NULL, NULL, NULL, NULL, NULL, NULL, NULL, NULL, NULL, NULL, NULL, NULL, NULL, NULL, NULL, NULL, NULL, NULL, NULL, NULL, NULL, NULL, NULL, NULL, NULL, NULL, NULL, NULL, NULL, NULL, '/backend/files/xytCcvPnx9k4ycGoCTOD.png', 1, 1, NULL, '2024-04-18 06:00:32', '2024-04-18 06:00:32'),
(23, 'Marvel Spidey and His Amazing Friends Ghost-Spider Hero Figure, 4-Inch Scale Action Figure And 1 Accessory, For Kids Ages 3 And Up', 'marvel-spidey-and-his-amazing-friends-ghost-spider-hero-figure-4-inch-scale-action-figure-and-1-accessory-for-kids-ages-3-and-up', NULL, '<p>Ghost-Spider is the coolest hero in town!</p>', '<p class=\"text-xl break-words lg:text-xl md:text-lg font-proxima-regular\">Ghost-Spider\r\n is the coolest hero in town! When she\'s not playing the drums or doing \r\nballet, her detective skills are second to none, and she\'s the best at \r\nbeing sneaky. There\'s no outsmarting Ghost-Spider! It\'s Spidey Time! \r\nMarvel\'s Spidey and His Amazing Friends follows the adventures of the \r\nSuper Hero Spidey and all his heroic friends! Spidey, Ghost-Spider, and \r\nMiles Morales all have super spider-powers: spider-sense, \r\nsuper-strength, wall-crawling, and more! Each brings something unique to\r\n their crime-fighting adventures, making them even stronger when they\'re\r\n working together as the amazing Spider Team! But even the best team \r\nsometimes needs a helping hand— that\'s when it\'s good to have allies \r\nlike Ms. Marvel, Black Panther, and even Hulk! It\'s hard being a Super \r\nHero, but it helps when you have such Amazing Friends! Stopping bad guys\r\n and crawling walls–Team Spidey does it all! Copyright MARVEL. All \r\ntrademarks and registered trademarks are the property of their \r\nrespective owners. Hasbro and all related terms are trademarks of \r\nHasbro.\r\n\r\n\r\n</p><div id=\"descriptionBoxTwo\" class=\"lg:text-xl text-xl md:text-lg font-proxima-regular md:pt-[30px] pt-[5px] md:pl-[12.5%]\">•ICONIC\r\n MARVEL CHARACTER INSPIRED BY THE ANIMATED SHOW: Web-out with an iconic \r\nMarvel character! Kids will love playing with this fan-favorite \r\nGhost-Spider figure inspired by Spidey And His Amazing Friends, the \r\npreschool Marvel animated show on Disney Jr.<br>•POSEABLE ACTION FIGURE:\r\n Each 4-inch scale Spidey And His Amazing Friends Hero figure features 5\r\n points of articulation. Pose your hero for any exciting adventure<br>•BIG\r\n HERO FUN FOR SMALL SPIDEY FANS: Marvel Spidey And His Amazing Friends \r\nfigures and vehicles are sized right for small hands. This toy makes a \r\ngreat birthday gift or holiday gift for kids<br>•IMAGINE SENSATIONAL \r\nSPIDEY ADVENTURES WITH FIGURE &amp; ACCESSORY: Inspire bold, creative \r\nplay with this Marvel Spidey and His Amazing Friends Ghost-Spider figure\r\n and Web Wings accessory that clips on back<br>•COLLECT THEM ALL: Let\'s \r\nswing, Spidey Team! Look out for other Spidey and His Amazing Friends \r\nfigures and collect them all, including: Spidey, Miles Morales, Green \r\nGoblin, and Ghost-Spider<br><br>•Ages 3 and up <br>•Warning: Choking Hazard - Small parts may be generated. Not for children under 3 years.<br>•Includes figure and accessory.</div><p></p>', 5.59, 0.45, 5.14, NULL, NULL, NULL, NULL, NULL, NULL, NULL, NULL, NULL, NULL, NULL, NULL, NULL, NULL, NULL, NULL, NULL, NULL, NULL, NULL, NULL, NULL, NULL, NULL, NULL, NULL, NULL, NULL, NULL, NULL, '/backend/files/1t9iXqlhPuIRo24L9LOo.png', 1, 1, NULL, '2024-04-18 06:06:05', '2024-04-18 06:06:05'),
(24, 'Marvel Spidey and His Amazing Friends Electro Action Figure Toy, Preschool Hero Figure with Accessory, Age 3 and Up', 'marvel-spidey-and-his-amazing-friends-electro-action-figure-toy-preschool-hero-figure-with-accessory-age-3-and-up', NULL, '<p>It’s Spidey time! This Marvel Spidey and His Amazing Friends toy \r\nincludes an Electro action figure with a Lightning Bolt accessory for \r\naction-packed play.</p>', '<p class=\"text-xl break-words lg:text-xl md:text-lg font-proxima-regular\">It’s\r\n Spidey time! This Marvel Spidey and His Amazing Friends toy includes an\r\n Electro action figure with a Lightning Bolt accessory for action-packed\r\n play. The 4-inch Electro figure can either hold the Lightning Bolt \r\naccessory or stand on it to use as a glider, so preschoolers can imagine\r\n all of her mischevious missions. With this preschool Marvel action \r\nfigure, epic action awaits! This Electro toy makes a great holiday or \r\nbirthday gift for boys and girls ages 3 and up who love Super Hero \r\nadventures. Look for more Spidey and His Amazing Friends action figures,\r\n including Spidey, Miles Morales: Spider-Man, Black Panther, and \r\nGhost-Spider. (Each sold separately. Subject to availability.) Copyright\r\n MARVEL. All trademarks and registered trademarks are the property of \r\ntheir respective owners. Hasbro and all related terms are trademarks of \r\nHasbro.\r\n\r\n\r\n</p><div id=\"descriptionBoxTwo\" class=\"lg:text-xl text-xl md:text-lg font-proxima-regular md:pt-[30px] pt-[5px] md:pl-[12.5%]\">•PRESCHOOL\r\n MARVEL ACTION FIGURE: Team up with this Electro action figure and \r\naccessory inspired by the Marvel Spidey and His Amazing Friends animated\r\n show<br>•POSEABLE ACTION FIGURE: This 4-inch Electro figure features 5 \r\npoints of articulation so kids can pose their villain action figure for \r\nexciting adventures<br>•LIGHTNING BOLT ACCESSORY: Inspire creative play \r\nwith this Marvel Spidey and His Amazing Friends Electro action figure \r\nand Lightning Bolt accessory that figure can hold or stand on as a \r\nglider<br>•BIG HERO FUN FOR SMALL SPIDEY FANS: Marvel’s Spidey And His \r\nAmazing Friends toys are sized right for small hands. This figure and \r\naccessory makes a great holiday or birthday gift for 3 year olds and up<br>•LOTS\r\n TO COLLECT: Look for additional Spidey and His Amazing Friends action \r\nfigures, including Spidey, Miles Morales: Spider-Man, and Ghost-Spider. \r\n(Sold separately. Subject to availability.)<br><br>•Ages 3 and up <br>•Warning: Small parts may be generated. Not for children under 3 years.<br>•Includes figure and accessory.</div><p></p>', 5.59, 0.45, 5.14, NULL, NULL, NULL, NULL, NULL, NULL, NULL, NULL, NULL, NULL, NULL, NULL, NULL, NULL, NULL, NULL, NULL, NULL, NULL, NULL, NULL, NULL, NULL, NULL, NULL, NULL, NULL, NULL, NULL, NULL, '/backend/files/4gHSMdbSwFidXIREvDfE.png', 1, 1, NULL, '2024-04-18 06:08:54', '2024-04-18 06:08:54'),
(25, 'Marvel Spidey and His Amazing Friends Hulk Hero Figure Toy, 4-Inch Scale Action Figure for Kids Ages 3 And Up', 'marvel-spidey-and-his-amazing-friends-hulk-hero-figure-toy-4-inch-scale-action-figure-for-kids-ages-3-and-up', NULL, '<p>It\'s Spidey Time! Marvel\'s Spidey and His Amazing Friends follows the \r\nadventures of the Super Hero Spidey and all his heroic friends! Spidey, \r\nGhost-Spider, and Miles Morales: Spider Man all have super \r\nspider-powers: spider-sense, super-strength, wall-crawling, and more!</p>', '<p class=\"text-xl break-words lg:text-xl md:text-lg font-proxima-regular\">It\'s\r\n Spidey Time! Marvel\'s Spidey and His Amazing Friends follows the \r\nadventures of the Super Hero Spidey and all his heroic friends! Spidey, \r\nGhost-Spider, and Miles Morales: Spider Man all have super \r\nspider-powers: spider-sense, super-strength, wall-crawling, and more! \r\nEach brings something unique to their crime-fighting adventures, making \r\nthem even stronger when they\'re working together as the amazing Spider \r\nTeam! But even the best team sometimes needs a helping hand — that\'s \r\nwhen it\'s good to have allies like Ms. Marvel, Black Panther, and even \r\nHulk! It\'s hard being a Super Hero, but it helps when you have such \r\nAmazing Friends! Stopping bad guys and crawling walls – Team Spidey does\r\n it all! Copyright MARVEL. All trademarks and registered trademarks are \r\nthe property of their respective owners. Hasbro and all related terms \r\nare trademarks of Hasbro.\r\n\r\n\r\n</p><div id=\"descriptionBoxTwo\" class=\"lg:text-xl text-xl md:text-lg font-proxima-regular md:pt-[30px] pt-[5px] md:pl-[12.5%]\">•ICONIC\r\n MARVEL FIGURE FOR KIDS: Team up with this Hulk figure inspired by \r\nSpidey And His Amazing Friends, the preschool Marvel animated show on \r\nDisney Junior<br>•POSEABLE HULK ACTION FIGURE: This 4-inch Hulk figure \r\nfeatures 5 points of articulation. Pose your hero for any exciting \r\nadventure<br>•BIG HERO FUN FOR SMALL SPIDEY FANS: Marvel Spidey And His \r\nAmazing Friends figures are sized right for small hands. This toy makes a\r\n great birthday gift or holiday gift for kids ages 3 and up<br>•IMAGINE \r\nSENSATIONAL ADVENTURES: Inspire bold, creative play with this Marvel \r\nSpidey and His Amazing Friends poseable Hulk figure<br>•MORE TO COLLECT:\r\n Let\'s swing, Spidey Team! Look out for other Spidey and His Amazing \r\nFriends figures, including Spidey, Green Goblin, Black Panther, and \r\nGhost-Spider<br><br>•Ages 3 and up <br>•Warning: Choking Hazard - Small parts may be generated. Not for children under 3 years.<br>•Includes figure.</div><p></p>', 5.59, 0.45, 5.14, NULL, NULL, NULL, NULL, NULL, NULL, NULL, NULL, NULL, NULL, NULL, NULL, NULL, NULL, NULL, NULL, NULL, NULL, NULL, NULL, NULL, NULL, NULL, NULL, NULL, NULL, NULL, NULL, NULL, NULL, '/backend/files/r9SLsKZJ3CtKXG7ZnfJe.png', 1, 1, NULL, '2024-04-18 06:11:48', '2024-04-18 06:11:48'),
(26, 'Marvel Spidey and His Amazing Friends Iron Man Action Figure Toy, Preschool Hero Figure with Accessory, Age 3 and Up', 'marvel-spidey-and-his-amazing-friends-iron-man-action-figure-toy-preschool-hero-figure-with-accessory-age-3-and-up', NULL, '<p>It’s Spidey time! This Marvel Spidey and His Amazing Friends toy \r\nincludes an Iron Man action figure with a Repulsor Ray accessory for \r\naction-packed play.</p>', '<p class=\"text-xl break-words lg:text-xl md:text-lg font-proxima-regular\">It’s\r\n Spidey time! This Marvel Spidey and His Amazing Friends toy includes an\r\n Iron Man action figure with a Repulsor Ray accessory for action-packed \r\nplay. The Repulsor Ray accessory clips onto the figure’s wrist, so \r\npreschoolers can imagine Iron Man’s heroic missions. With this preschool\r\n Marvel action figure, epic action awaits! This Iron Man toy makes a \r\ngreat holiday or birthday gift for boys and girls ages 3 and up who love\r\n Super Hero adventures. Look for more Spidey and His Amazing Friends \r\naction figures, including Spidey, Miles Morales: Spider-Man, Black \r\nPanther, and Ghost-Spider. (Each sold separately. Subject to \r\navailability.) Copyright MARVEL. All trademarks and registered \r\ntrademarks are the property of their respective owners. Hasbro and all \r\nrelated terms are trademarks of Hasbro.\r\n\r\n\r\n</p><div id=\"descriptionBoxTwo\" class=\"lg:text-xl text-xl md:text-lg font-proxima-regular md:pt-[30px] pt-[5px] md:pl-[12.5%]\">•PRESCHOOL\r\n MARVEL ACTION FIGURE: Team up with this Iron Man action figure and \r\naccessory inspired by the Marvel Spidey and His Amazing Friends animated\r\n show<br>•POSEABLE ACTION FIGURE: This 4-inch Iron Man figure features 5\r\n points of articulation so kids can pose their Super Hero action figure \r\nfor exciting adventures<br>•REPULSOR RAY ACCESSORY: Inspire creative \r\nplay with this Marvel Spidey and His Amazing Friends Iron Man action \r\nfigure and Repulsor Ray accessory that clips to the figure’s wrist<br>•BIG\r\n HERO FUN FOR SMALL SPIDEY FANS: Marvel’s Spidey And His Amazing Friends\r\n toys are sized right for small hands. This figure and accessory makes a\r\n great holiday or birthday gift for 3 year olds and up<br>•LOTS TO \r\nCOLLECT: Look for additional Spidey and His Amazing Friends action \r\nfigures, including Spidey, Miles Morales: Spider-Man, and Ghost-Spider. \r\n(Sold separately. Subject to availability.)<br><br>•Ages 3 and up <br>•Warning: Small parts may be generated. Not for children under 3 years.<br>•Includes figure and accessory.</div><p></p>', 5.59, 0.45, 5.14, NULL, NULL, NULL, NULL, NULL, NULL, NULL, NULL, NULL, NULL, NULL, NULL, NULL, NULL, NULL, NULL, NULL, NULL, NULL, NULL, NULL, NULL, NULL, NULL, NULL, NULL, NULL, NULL, NULL, NULL, '/backend/files/lN2EUXscv6UnluDxiBWk.png', 1, 1, NULL, '2024-04-18 06:14:02', '2024-04-18 06:14:02'),
(27, 'Marvel Spidey and His Amazing Friends Hero Figure, 4-Inch Action Figure, Super Hero Toys', 'marvel-spidey-and-his-amazing-friends-hero-figure-4-inch-action-figure-super-hero-toys', NULL, '<p>It\'s Spidey Time! Marvel\'s Spidey and His Amazing Friends follows the adventures of Team Spidey and all their heroic friends.</p>', '<p>It\'s Spidey Time! Marvel\'s Spidey and His Amazing Friends follows the \r\nadventures of Team Spidey and all their heroic friends. Super Hero \r\nFigures are inspired by the popular preschool show and features a \r\n4-inch-scale posable action figure. Kids 3 and up can imagine their very\r\n own adventures with their favorite characters, or re-create favorite \r\nmoments from the show. Each surprise toy figure comes in a box with a \r\npeek-a-boo window. Collect all 7 characters! (Each sold separately. \r\nSubject to availability.) Copyright MARVEL. All trademarks and \r\nregistered trademarks are the property of their respective owners. \r\nHasbro and all related terms are trademarks of Hasbro.<br><br>•7 SPIDEY \r\nTOYS TO COLLECT: Every box is a surprise! Kids can collect all 7 of \r\ntheir favorite Team Spidey heroes and baddies: Spidey, Ghost-Spider, \r\nMiles \"Spin\" Morales, Iron Man, Black Panther, Green Goblin, and \r\nElectro. (Each sold separately. Subject to availability.)<br>•POSEABLE \r\nACTION FIGURE: Each 4-inch-scale hero figure features 5 points of \r\narticulation in the arms, head, and legs, so kids can pose characters \r\nfor action during pretend misisons and adventures!<br>•BIG HERO FUN FOR SMALL SPIDEY FANS: Figures are sized appropriately for small hands with big imaginations!<br>•INSPIRED\r\n BY THE HIT DISNEY JUNIOR SHOW: Kids ages 3 and up will love re-creating\r\n their favorite moments from the show, or imagining their very own \r\nadventures with Team Spidey<br>•MORE FUN WITH TEAM SPIDEY: Look for more\r\n Marvel Spidey and His Amazing Friends toys, vehicles, and playsets for \r\neven more webtastic fun! (Each sold separately. Subject to \r\navailability.)<br>•FUN GIFT FOR KIDS: This fun board game for families \r\nand kids makes an awesome gift for Teenage Mutant Ninja Turtles fans, \r\nMonopoly game fans, and gamers ages 8 and up<br>•SUSTAINABLE PACKAGING: Ships in simple, recyclable packaging that\'​​​​​​​s easy to open and frustration free<br><br>•Ages 4 and up.<br>•WARNING: Small parts may be generated. Not for children under 3 years.<br>•Includes figure.</p>', 5.59, 0.45, 5.14, NULL, NULL, NULL, NULL, NULL, NULL, NULL, NULL, NULL, NULL, NULL, NULL, NULL, NULL, NULL, NULL, NULL, NULL, NULL, NULL, NULL, NULL, NULL, NULL, NULL, NULL, NULL, NULL, NULL, NULL, '/backend/files/Rj8IO82cigJGSGGudStn.png', 1, 1, NULL, '2024-04-18 06:17:08', '2024-04-18 06:17:08'),
(28, 'Marvel Spidey and His Amazing Friends Green Goblin Hero Figure, 4-Inch Scale Action Figure And 1 Accessory, For Kids Ages 3 And Up', 'marvel-spidey-and-his-amazing-friends-green-goblin-hero-figure-4-inch-scale-action-figure-and-1-accessory-for-kids-ages-3-and-up', NULL, '<p>Green Goblin is a first-class mischief maker and playful prankster.</p>', '<p class=\"text-xl break-words lg:text-xl md:text-lg font-proxima-regular\">Green\r\n Goblin is a first-class mischief maker and playful prankster. When he\'s\r\n riding on his glider, Spidey and his friends had better watch out! It\'s\r\n Spidey Time! Marvel\'s Spidey and His Amazing Friends follows the \r\nadventures of the Super Hero Spidey and all his heroic friends! Spidey, \r\nGhost-Spider, and Miles Morales all have super spider-powers: \r\nspider-sense, super-strength, wall-crawling, and more! Each brings \r\nsomething unique to their crime-fighting adventures, making them even \r\nstronger when they\'re working together as the amazing Spider Team! But \r\neven the best team sometimes needs a helping hand— that\'s when it\'s good\r\n to have allies like Ms. Marvel, Black Panther, and even Hulk! It\'s hard\r\n being a Super Hero, but it helps when you have such Amazing Friends! \r\nStopping bad guys and crawling walls–Team Spidey does it all! Copyright \r\nMARVEL. All trademarks and registered trademarks are the property of \r\ntheir respective owners. Hasbro and all related terms are trademarks of \r\nHasbro.\r\n\r\n\r\n</p><div id=\"descriptionBoxTwo\" class=\"lg:text-xl text-xl md:text-lg font-proxima-regular md:pt-[30px] pt-[5px] md:pl-[12.5%]\">•ICONIC\r\n MARVEL CHARACTER INSPIRED BY THE ANIMATED SHOW: Web-out with an iconic \r\nMarvel character! Kids will love playing with this fan-favorite Green \r\nGoblin figure inspired by Spidey And His Amazing Friends, the preschool \r\nMarvel animated show on Disney Jr.<br>•POSEABLE ACTION FIGURE: Each \r\n4-inch scale Spidey And His Amazing Friends Hero figure features 5 \r\npoints of articulation. Pose your hero for any exciting adventure<br>•BIG\r\n HERO FUN FOR SMALL SPIDEY FANS: Marvel Spidey And His Amazing Friends \r\nfigures and vehicles are sized right for small hands. This toy makes a \r\ngreat birthday gift or holiday gift for kids<br>•IMAGINE SENSATIONAL \r\nSPIDEY ADVENTURES WITH FIGURE &amp; ACCESSORY: Inspire bold, creative \r\nplay with this Marvel Spidey and His Amazing Friends Green Goblin figure\r\n with glider accessory that figure can fit on<br>•COLLECT THEM ALL: \r\nLet\'s swing, Spidey Team! Look out for other Spidey and His Amazing \r\nFriends figures and collect them all, including: Spidey, Miles Morales, \r\nGreen Goblin, and Ghost-Spider<br><br>•Ages 3 and up <br>•Warning: Choking Hazard - Small parts may be generated. Not for children under 3 years.<br>•Includes figure and accessory.</div><p></p>', 5.59, 0.45, 5.14, NULL, NULL, NULL, NULL, NULL, NULL, NULL, NULL, NULL, NULL, NULL, NULL, NULL, NULL, NULL, NULL, NULL, NULL, NULL, NULL, NULL, NULL, NULL, NULL, NULL, NULL, NULL, NULL, NULL, NULL, '/backend/files/t9sX3cSW09JYiEWGDImb.png', 1, 1, NULL, '2024-04-18 06:20:58', '2024-04-18 06:20:58'),
(29, 'Marvel Spidey and His Amazing Friends Spidey Hero Figure, 4-Inch Scale Action Figure And 1 Accessory, For Kids Ages 3 And Up', 'marvel-spidey-and-his-amazing-friends-spidey-hero-figure-4-inch-scale-action-figure-and-1-accessory-for-kids-ages-3-and-up', NULL, '<p>After Peter Parker was bitten by a radioactive arachnid, he became the friendly neighborhood Spider-Man!</p>', '<p class=\"text-xl break-words lg:text-xl md:text-lg font-proxima-regular\">After\r\n Peter Parker was bitten by a radioactive arachnid, he became the \r\nfriendly neighborhood Spider-Man! He\'ll always do his best to protect \r\npeople because he knows that with great power comes great \r\nresponsibility. It\'s Spidey Time! Marvel\'s Spidey and His Amazing \r\nFriends follows the adventures of the Super Hero Spidey and all his \r\nheroic friends! Spidey, Ghost-Spider, and Miles Morales all have super \r\nspider-powers: spider-sense, super-strength, wall-crawling, and more! \r\nEach brings something unique to their crime-fighting adventures, making \r\nthem even stronger when they\'re working together as the amazing Spider \r\nTeam! But even the best team sometimes needs a helping hand— that\'s when\r\n it\'s good to have allies like Ms. Marvel, Black Panther, and even Hulk!\r\n It\'s hard being a Super Hero, but it helps when you have such Amazing \r\nFriends! Stopping bad guys and crawling walls–Team Spidey does it all! \r\nCopyright MARVEL. All trademarks and registered trademarks are the \r\nproperty of their respective owners. Hasbro and all related terms are \r\ntrademarks of Hasbro.\r\n\r\n\r\n</p><div id=\"descriptionBoxTwo\" class=\"lg:text-xl text-xl md:text-lg font-proxima-regular md:pt-[30px] pt-[5px] md:pl-[12.5%]\">•ICONIC\r\n MARVEL CHARACTER INSPIRED BY THE ANIMATED SHOW: Web-out with an iconic \r\nMarvel character! Kids will love playing with this fan-favorite Spidey \r\nfigure inspired by Spidey And His Amazing Friends, the preschool Marvel \r\nanimated show on Disney Jr.<br>•POSEABLE ACTION FIGURE: Each 4-inch \r\nscale Spidey And His Amazing Friends Hero figure features 5 points of \r\narticulation. Pose your hero for any exciting adventure<br>•BIG HERO FUN\r\n FOR SMALL SPIDEY FANS: Marvel Spidey And His Amazing Friends figures \r\nand vehicles are sized right for small hands. This toy makes a great \r\nbirthday gift or holiday gift for kids<br>•IMAGINE SENSATIONAL SPIDEY \r\nADVENTURES WITH FIGURE &amp; ACCESSORY: Inspire bold, creative play with\r\n this Marvel Spidey and His Amazing Friends Spidey figure and web \r\naccessory that clips on figure\'s wrist<br>•COLLECT THEM ALL: Let\'s \r\nswing, Spidey Team! Look out for other Spidey and His Amazing Friends \r\nfigures and collect them all, including: Spidey, Miles Morales, Green \r\nGoblin, and Ghost-Spider<br><br>•Ages 3 and up <br>•Warning: Choking Hazard - Small parts may be generated. Not for children under 3 years.<br>•Includes figure and accessory.</div><p></p>', 5.59, 0.45, 5.14, NULL, NULL, NULL, NULL, NULL, NULL, NULL, NULL, NULL, NULL, NULL, NULL, NULL, NULL, NULL, NULL, NULL, NULL, NULL, NULL, NULL, NULL, NULL, NULL, NULL, NULL, NULL, NULL, NULL, NULL, '/backend/files/fLdbZdaC2dHMn0YknIIQ.png', 1, 1, NULL, '2024-04-18 06:25:47', '2024-04-18 06:25:47'),
(30, 'Marvel Spidey and His Amazing Friends Black Panther Hero Figure Toy, Action Figure and 1 Accessory, Kids Ages 3 And Up', 'marvel-spidey-and-his-amazing-friends-black-panther-hero-figure-toy-action-figure-and-1-accessory-kids-ages-3-and-up', NULL, '<p>It\'s Spidey Time! Marvel\'s Spidey and His Amazing Friends follows the \r\nadventures of the Super Hero Spidey and all his heroic friends! Spidey, \r\nGhost-Spider, and Miles Morales: Spider Man all have super \r\nspider-powers: spider-sense, super-strength, wall-crawling, and more!</p>', '<p class=\"text-xl break-words lg:text-xl md:text-lg font-proxima-regular\">It\'s\r\n Spidey Time! Marvel\'s Spidey and His Amazing Friends follows the \r\nadventures of the Super Hero Spidey and all his heroic friends! Spidey, \r\nGhost-Spider, and Miles Morales: Spider Man all have super \r\nspider-powers: spider-sense, super-strength, wall-crawling, and more! \r\nEach brings something unique to their crime-fighting adventures, making \r\nthem even stronger when they\'re working together as the amazing Spider \r\nTeam! But even the best team sometimes needs a helping hand — that\'s \r\nwhen it\'s good to have allies like Ms. Marvel, Black Panther, and even \r\nHulk! It\'s hard being a Super Hero, but it helps when you have such \r\nAmazing Friends! Stopping bad guys and crawling walls – Team Spidey does\r\n it all! Copyright MARVEL. All trademarks and registered trademarks are \r\nthe property of their respective owners. Hasbro and all related terms \r\nare trademarks of Hasbro.\r\n\r\n\r\n</p><div id=\"descriptionBoxTwo\" class=\"lg:text-xl text-xl md:text-lg font-proxima-regular md:pt-[30px] pt-[5px] md:pl-[12.5%]\">•ICONIC\r\n MARVEL FIGURE FOR KIDS: Team up with this Black Panther figure inspired\r\n by Spidey And His Amazing Friends, the preschool Marvel animated show \r\non Disney Junior<br>•POSEABLE BLACK PANTHER ACTION FIGURE: This 4-inch \r\nBlack Panther figure features 5 points of articulation. Pose your hero \r\nfor any exciting adventure<br>•BIG HERO FUN FOR SMALL SPIDEY FANS: \r\nMarvel’s Spidey And His Amazing Friends figures are sized right for \r\nsmall hands. This toy makes a great birthday gift or holiday gift for \r\nkids ages 3 and up<br>•IMAGINE SENSATIONAL ADVENTURES WITH FIGURE &amp; \r\nACCESSORY: Inspire bold, creative play with this Marvel Spidey and His \r\nAmazing Friends Black Panther figure and shield accessory that clips \r\nonto figure<br>•COLLECT THEM ALL: Let\'s swing, Spidey Team! Look out for\r\n other Spidey and His Amazing Friends figures, including Spidey, Green \r\nGoblin, Hulk, and Ghost-Spider<br><br>•Ages 3 and up <br>•Warning: Choking Hazard - Small parts may be generated. Not for children under 3 years.<br>•Includes figure and accessory.</div><p></p>', 5.59, 0.45, 5.14, NULL, NULL, NULL, NULL, NULL, NULL, NULL, NULL, NULL, NULL, NULL, NULL, NULL, NULL, NULL, NULL, NULL, NULL, NULL, NULL, NULL, NULL, NULL, NULL, NULL, NULL, NULL, NULL, NULL, NULL, '/backend/files/Xd1ejN5waztrFacljku6.png', 1, 1, NULL, '2024-04-18 06:29:32', '2024-04-18 06:29:32'),
(31, 'Marvel Avengers Epic Hero Series Captain America 4\" Action Figure for Kids 4+', 'marvel-avengers-epic-hero-series-captain-america-4-action-figure-for-kids-4-', NULL, '<p>United to battle the foes no single hero could withstand, The Avengers \r\nare the most powerful Super Hero team in the world. Kids can play as the\r\n red, white, and blue suited Avenger, Captain America, with this \r\n4-inch-scale action figure to imagine hero versus villain battles.</p>', '<p class=\"text-xl break-words lg:text-xl md:text-lg font-proxima-regular\">United\r\n to battle the foes no single hero could withstand, The Avengers are the\r\n most powerful Super Hero team in the world. Kids can play as the red, \r\nwhite, and blue suited Avenger, Captain America, with this 4-inch-scale \r\naction figure to imagine hero versus villain battles. Captain America \r\ntoy features multiple points of articulation and classic design and deco\r\n so toy figures can be posed for playtime or for display. An iconic \r\nshield accessory is also included for even more pretend action fun! \r\nMarvel action figures come in a package with a window that is great for \r\ngifting or collecting. Look for more Marvel Avengers toys and gifts to \r\nbuild your own super hero toy collection! (Each sold separately. Subject\r\n to availability.) Copyright MARVEL. All trademarks and registered \r\ntrademarks are the property of their respective owners. Hasbro and all \r\nrelated terms are trademarks of Hasbro.\r\n\r\n\r\n</p><div id=\"descriptionBoxTwo\" class=\"lg:text-xl text-xl md:text-lg font-proxima-regular md:pt-[30px] pt-[5px] md:pl-[12.5%]\">•PLAY\r\n AS CAPTAIN AMERICA: Sam Wilson carves out his own unique legacy as \r\nCaptain America, a member of Earth’s Mightiest Heroes, The Avengers<br>•POSEABLE\r\n TOY FIGURE WITH ACCESSORY: This 4-inch Avengers action figure features \r\nmultiple points of articulation in the knees, elbows, shoulders, waist, \r\nand head for action-packed poseability for playtime or display. Figure \r\nalso includes a detachable, iconic shield accessory<br>•ICONIC SUPER \r\nHERO DESIGN AND DECO: Cool action figure features classic Captain \r\nAmerica character design and deco that Marvel fans ages 4 and up know \r\nand love<br>•ICONIC MARVEL AVENGERS PACKAGING: Each figure comes in a \r\npackage with a window that is great for gifting or displaying. Package \r\nfeatures Marvel Avengers logo and design<br>•HASBRO\'S EXCLUSIVE EPIC \r\nHERO SERIES: Avengers action figures are part of the Epic Hero Series \r\n4-inch figures collection where toys are all compatible so kids can \r\ncreate their own heroic adventures inspired by the Marvel Universe! \r\n(Each sold separately. Subject to availability.)<br><br>•Ages 4 and up.<br>•WARNING: Small parts.<br>•Includes figure and accessory.</div><p></p>', 9.99, 0.80, 9.19, NULL, NULL, NULL, NULL, NULL, NULL, NULL, NULL, NULL, NULL, NULL, NULL, NULL, NULL, NULL, NULL, NULL, NULL, NULL, NULL, NULL, NULL, NULL, NULL, NULL, NULL, NULL, NULL, NULL, NULL, '/backend/files/Huwbl50yrqkpSZHKkKYM.png', 1, 1, NULL, '2024-04-18 13:10:00', '2024-04-18 13:10:00'),
(32, 'Marvel Avengers Epic Hero Series Black Panther 4\" Action Figure fo Kids 4+', 'marvel-avengers-epic-hero-series-black-panther-4-action-figure-fo-kids-4-', NULL, '<p>United to battle the foes no single hero could withstand, The Avengers \r\nare the most powerful Super Hero team in the world. Kids can play as the\r\n Wakandan King, Black Panther, with this 4-inch-scale action figure to \r\nimagine hero versus villain battles.</p>', '<p class=\"text-xl break-words lg:text-xl md:text-lg font-proxima-regular\">United\r\n to battle the foes no single hero could withstand, The Avengers are the\r\n most powerful Super Hero team in the world. Kids can play as the \r\nWakandan King, Black Panther, with this 4-inch-scale action figure to \r\nimagine hero versus villain battles. Black Panther toy features multiple\r\n points of articulation and classic design and deco so toy figures can \r\nbe posed for playtime or for display. A Vibranium claw accessory is also\r\n included for even more pretend action fun! Marvel action figures come \r\nin a package with a window that is great for gifting or collecting. Look\r\n for more Marvel Avengers toys and gifts to build your own super hero \r\ntoy collection! (Each sold separately. Subject to availability.) \r\nCopyright MARVEL. All trademarks and registered trademarks are the \r\nproperty of their respective owners. Hasbro and all related terms are \r\ntrademarks of Hasbro.\r\n\r\n\r\n</p><div id=\"descriptionBoxTwo\" class=\"lg:text-xl text-xl md:text-lg font-proxima-regular md:pt-[30px] pt-[5px] md:pl-[12.5%]\">•PLAY\r\n AS BLACK PANTHER: King T\'Challa protects the nation of Wakanda and the \r\nworld as the Black Panther, a member of Earth’s Mightiest Heroes, The \r\nAvengers<br>•POSEABLE TOY FIGURE WITH ACCESSORY: This 4-inch Avengers \r\naction figure features multiple points of articulation in the knees, \r\nelbows, shoulders, waist, and head for action-packed poseability for \r\nplaytime or display. Figure also includes a detachable Vibranium claw \r\naccessory<br>•ICONIC SUPER HERO DESIGN AND DECO: Cool action figure \r\nfeatures classic Black Panther character design and deco that Marvel \r\nfans ages 4 and up know and love<br>•ICONIC MARVEL AVENGERS PACKAGING: \r\nEach figure comes in a package with a window that is great for gifting \r\nor displaying. Package features Marvel Avengers logo and design<br>•HASBRO\'S\r\n EXCLUSIVE EPIC HERO SERIES: Avengers action figures are part of the \r\nEpic Hero Series 4-inch figures collection where toys are all compatible\r\n so kids can create their own heroic adventures inspired by the Marvel \r\nUniverse! (Each sold separately. Subject to availability.)<br><br>•Ages 4 and up.<br>•WARNING: Small parts.<br>•Includes figure.</div><p></p>', 9.99, 0.80, 9.19, NULL, NULL, NULL, NULL, NULL, NULL, NULL, NULL, NULL, NULL, NULL, NULL, NULL, NULL, NULL, NULL, NULL, NULL, NULL, NULL, NULL, NULL, NULL, NULL, NULL, NULL, NULL, NULL, NULL, NULL, '/backend/files/Q1tsqnIL5AOkR5dBIJUM.png', 1, 1, NULL, '2024-04-18 13:13:04', '2024-04-18 13:13:04'),
(33, 'Marvel Avengers Epic Hero Series Thor 4\" Action Figure for Kids 4+', 'marvel-avengers-epic-hero-series-thor-4-action-figure-for-kids-4-', NULL, '<p>United to battle the foes no single hero could withstand, The Avengers \r\nare the most powerful Super Hero team in the world. Kids can play as the\r\n mighty hammer-wielding Avenger, Thor, with this 4-inch-scale action \r\nfigure to imagine hero versus villain battles.</p>', '<p>United to battle the foes no single hero could withstand, The Avengers \r\nare the most powerful Super Hero team in the world. Kids can play as the\r\n mighty hammer-wielding Avenger, Thor, with this 4-inch-scale action \r\nfigure to imagine hero versus villain battles. Thor toy features \r\nmultiple points of articulation and classic design and deco so toy \r\nfigures can be posed for playtime or for display. A Mjolnir hammer \r\naccessory is also included for even more pretend action fun! Marvel \r\naction figures come in a package with a window that is great for gifting\r\n or collecting. Look for more Marvel Avengers toys and gifts to build \r\nyour own super hero toy collection! (Each sold separately. Subject to \r\navailability.)<br>Copyright MARVEL. All trademarks and registered trademarks are the property of their respective owners.<br>Hasbro and all related terms are trademarks of Hasbro.<br><br>•PLAY\r\n AS THOR: The hammer-wielding Thor uses his strength to protect Asgard \r\nand the realms beyond as a member of Earth’s Mightiest Heroes, The \r\nAvengers<br>•POSEABLE TOY FIGURE WITH ACCESSORY: This 4-inch Avengers \r\naction figure features multiple points of articulation in the knees, \r\nelbows, shoulders, waist, and head for action-packed poseability for \r\nplaytime or display. Figure also includes a detachable Mjolnir hammer \r\naccessory<br>•ICONIC SUPER HERO DESIGN AND DECO: Cool action figure \r\nfeatures classic Thor character design and deco that Marvel fans ages 4 \r\nand up know and love<br>•ICONIC MARVEL AVENGERS PACKAGING: Each figure \r\ncomes in a package with a window that is great for gifting or \r\ndisplaying. Package features Marvel Avengers logo and design<br>•HASBRO\'S\r\n EXCLUSIVE EPIC HERO SERIES: Avengers action figures are part of the \r\nEpic Hero Series 4-inch figures collection where toys are all compatible\r\n so kids can create their own heroic adventures inspired by the Marvel \r\nUniverse! (Each sold separately. Subject to availability.)<br><br>•Ages 4 and up.<br>•WARNING: Small parts.<br>•Includes figure and accessory.</p>', 9.99, 0.80, 9.19, NULL, NULL, NULL, NULL, NULL, NULL, NULL, NULL, NULL, NULL, NULL, NULL, NULL, NULL, NULL, NULL, NULL, NULL, NULL, NULL, NULL, NULL, NULL, NULL, NULL, NULL, NULL, NULL, NULL, NULL, '/backend/files/EMmWsAU3ccBZsULe1NlP.png', 1, 1, NULL, '2024-04-18 13:20:04', '2024-04-18 13:20:04'),
(34, 'Marvel Stunt Squad Hulk vs. Abomination Playset with Action Figures (1.5”)', 'marvel-stunt-squad-hulk-vs-abomination-playset-with-action-figures-1-5-', NULL, '<p>Mighty heroes, mega attitude! Marvel Stunt Squad Hulk vs. Abomination \r\nPlayset is a gamified action figures set that kids will love.</p>', '<p>Mighty heroes, mega attitude! Marvel Stunt Squad Hulk vs. Abomination \r\nPlayset is a gamified action figures set that kids will love. With \r\nfavorite Marvel characters in a classic hero versus villain play \r\npattern, these small scale super hero figures are full of dynamic poses \r\nand action-packed fun! Marvel Stunt Squad Hero vs. Villain Playsets \r\ninclude two 1-inch-scale figures, a launcher, and a target base. \r\nCopyright 2023 MARVEL Hasbro and all related terms are trademarks of \r\nHasbro.<br><br>•HULK VS. ABOMINATION: Kids 4 and up can pretend to \r\ncreate the ultimate showdown between Hulk and Abomination with this \r\nMarvel playset<br>•INCLUDES 2 FIGURES AND PLAYSET: Playset includes \r\n1.5-inch Marvel super hero and villain action figures, a launcher, and a\r\n target base<br>•READY, AIM, LAUNCH!: Place Marvel Stunt Squad super \r\nhero action figure on launcher, aim at the target, and launch toy into \r\naction for crash and bash fun<br>•DIFFERENT WAYS TO PLAY: Kids will \r\nenjoy the immersive, gamified learning experience while discovering \r\ntheir own unique play patterns with this Marvel Stunt Squad playset! \r\nPlay alone, or have friends and family join in on the fun<br>•COLLECT \r\nALL MARVEL STUNT SQUAD FIGURES AND PLAYSETS: All Marvel Stunt Squad \r\naction figure toys are compatible with each playset (Each sold \r\nseparately. Subject to availability.)<br><br>•Ages 4 and Up <br>•WARNING: Small parts may be generated. Not for children under 3 years.<br>•Includes: 2 figures, 1 launcher, and playset</p>', 9.99, 0.80, 9.19, NULL, NULL, NULL, NULL, NULL, NULL, NULL, NULL, NULL, NULL, NULL, NULL, NULL, NULL, NULL, NULL, NULL, NULL, NULL, NULL, NULL, NULL, NULL, NULL, NULL, NULL, NULL, NULL, NULL, NULL, '/backend/files/5KzkrCpPjb0Vqf6xudzh.png', 1, 1, NULL, '2024-04-18 13:22:36', '2024-04-18 13:22:36'),
(35, 'Marvel Stunt Squad Miles Morales vs. Prowler Playset with Action Figures (1.5”)', 'marvel-stunt-squad-miles-morales-vs-prowler-playset-with-action-figures-1-5-', NULL, '<p>Mighty heroes, mega attitude! Marvel Stunt Squad Miles Morales vs. \r\nProwler Playset is a gamified action figures set that kids will love.</p>', '<p>Mighty heroes, mega attitude! Marvel Stunt Squad Miles Morales vs. \r\nProwler Playset is a gamified action figures set that kids will love. \r\nWith favorite Marvel characters in a classic hero versus villain play \r\npattern, these small scale super hero figures are full of dynamic poses \r\nand action-packed fun! Marvel Stunt Squad Hero vs. Villain Playsets \r\ninclude two 1-inch-scale figures, a launcher, and a target base. \r\nCopyright 2023 MARVEL. Hasbro and all related terms are trademarks of \r\nHasbro.<br><br>•MILES MORALES VS. PROWLER: Kids 4 and up can pretend to \r\ncreate the ultimate showdown between Miles Morales and Prowler with this\r\n Marvel playset<br>•INCLUDES 2 FIGURES AND PLAYSET: Playset includes \r\n1.5-inch Marvel super hero and villain action figures, a launcher, and a\r\n target base<br>•READY, AIM, LAUNCH!: Place Marvel Stunt Squad super \r\nhero action figure on launcher, aim at the target, and launch toy into \r\naction for crash and bash fun<br>•DIFFERENT WAYS TO PLAY: Kids will \r\nenjoy the immersive, gamified learning experience while discovering \r\ntheir own unique play patterns with this Marvel Stunt Squad playset! \r\nPlay alone, or have friends and family join in on the fun<br>•COLLECT \r\nALL MARVEL STUNT SQUAD FIGURES AND PLAYSETS: All Marvel Stunt Squad \r\naction figure toys are compatible with each playset (Each sold \r\nseparately. Subject to availability.)<br><br>•Ages 4 and Up <br>•WARNING: Small parts may be generated. Not for children under 3 years.<br>•Includes: 2 figures, 1 launcher, and playset</p>', 9.99, 0.80, 9.19, NULL, NULL, NULL, NULL, NULL, NULL, NULL, NULL, NULL, NULL, NULL, NULL, NULL, NULL, NULL, NULL, NULL, NULL, NULL, NULL, NULL, NULL, NULL, NULL, NULL, NULL, NULL, NULL, NULL, NULL, '/backend/files/ZbgMnAm0LjTFZFS7XdVV.png', 1, 1, NULL, '2024-04-18 13:24:35', '2024-04-18 13:24:35'),
(36, 'Marvel Avengers Epic Hero Series Iron Man 4\" Action Figure for Kids 4+', 'marvel-avengers-epic-hero-series-iron-man-4-action-figure-for-kids-4-', NULL, '<p>United to battle the foes no single hero could withstand, The Avengers are the most powerful Super Hero team in the world.</p>', '<p class=\"text-xl break-words lg:text-xl md:text-lg font-proxima-regular\">United\r\n to battle the foes no single hero could withstand, The Avengers are the\r\n most powerful Super Hero team in the world. Kids can play as the \r\ntech-powered Avenger, Iron Man, with this 4-inch-scale action figure to \r\nimagine hero versus villain battles. Iron Man toy features multiple \r\npoints of articulation and classic design and deco so toy figures can be\r\n posed for playtime or for display. A character-inspired accessory is \r\nalso included for even more pretend action fun! Marvel action figures \r\ncome in a package with a window that is great for gifting or collecting.\r\n Look for more Marvel Avengers toys and gifts to build your own super \r\nhero toy collection! (Each sold separately. Subject to availability.)\r\n\r\nCopyright MARVEL. All trademarks and registered trademarks are the \r\nproperty of their respective owners.\r\nHasbro and all related terms are trademarks of Hasbro.\r\n\r\n\r\n</p><div id=\"descriptionBoxTwo\" class=\"lg:text-xl text-xl md:text-lg font-proxima-regular md:pt-[30px] pt-[5px] md:pl-[12.5%]\">•PLAY\r\n AS IRON MAN: Tony Stark suits up as the tech-powered Iron Man to battle\r\n his foes, as a member of Earth’s Mightiest Heroes, The Avengers<br>•POSEABLE\r\n TOY FIGURE WITH ACCESSORY: This 4-inch Avengers action figure features \r\nmultiple points of articulation in the knees, elbows, shoulders, waist, \r\nand head for action-packed poseability for playtime or display. Figure \r\nalso includes a detachable character-inspired accessory<br>•ICONIC SUPER\r\n HERO DESIGN AND DECO: Cool action figure features classic Iron Man \r\ncharacter design and deco that Marvel fans ages 4 and up know and love<br>•ICONIC\r\n MARVEL AVENGERS PACKAGING: Each figure comes in a package with a window\r\n that is great for gifting or displaying. Package features Marvel \r\nAvengers logo and design<br>•HASBRO\'S EXCLUSIVE EPIC HERO SERIES: \r\nAvengers action figures are part of the Epic Hero Series 4-inch figures \r\ncollection where toys are all compatible so kids can create their own \r\nheroic adventures inspired by the Marvel Universe! (Each sold \r\nseparately. Subject to availability.)<br><br>•Ages 4 and up.<br>•WARNING: Small parts.<br>•Includes figure.</div><p></p>', 9.99, 0.80, 9.19, NULL, NULL, NULL, NULL, NULL, NULL, NULL, NULL, NULL, NULL, NULL, NULL, NULL, NULL, NULL, NULL, NULL, NULL, NULL, NULL, NULL, NULL, NULL, NULL, NULL, NULL, NULL, NULL, NULL, NULL, '/backend/files/A5UtTE5GGLYmqbnTt6yK.png', 1, 1, NULL, '2024-04-18 13:28:15', '2024-04-18 13:28:15'),
(37, 'Marvel Stunt Squad Iron Man vs. M.O.D.O.K. Playset with Action Figures (1.5”)', 'marvel-stunt-squad-iron-man-vs-m-o-d-o-k-playset-with-action-figures-1-5-', NULL, '<p>Mighty heroes, mega attitude! Marvel Stunt Squad Iron Man vs. M.O.D.O.K.\r\n Playset is a gamified action figures set that kids will love.</p>', '<p>Mighty heroes, mega attitude! Marvel Stunt Squad Iron Man vs. M.O.D.O.K.\r\n Playset is a gamified action figures set that kids will love. With \r\nfavorite Marvel characters in a classic hero versus villain play \r\npattern, these small scale super hero figures are full of dynamic poses \r\nand action-packed fun! Marvel Stunt Squad Hero vs. Villain Playsets \r\ninclude two 1-inch-scale figures, a launcher, and a target base. \r\nCopyright 2023 MARVEL. Hasbro and all related terms are trademarks of \r\nHasbro.<br><br>•IRON MAN VS M.O.D.O.K.: Kids 4 and up can pretend to \r\ncreate the ultimate showdown between Iron Man and M.O.D.O.K. with this \r\nMarvel playset<br>•INCLUDES 2 FIGURES AND PLAYSET: Playset includes \r\n1.5-inch Marvel super hero and villain action figures, a launcher, and a\r\n target base<br>•READY, AIM, LAUNCH!: Place Marvel Stunt Squad super \r\nhero action figure on launcher, aim at the target, and launch toy into \r\naction for crash and bash fun<br>•DIFFERENT WAYS TO PLAY: Kids will \r\nenjoy the immersive, gamified learning experience while discovering \r\ntheir own unique play patterns with this Marvel Stunt Squad playset! \r\nPlay alone, or have friends and family join in on the fun<br>•COLLECT \r\nALL MARVEL STUNT SQUAD FIGURES AND PLAYSETS: All Marvel Stunt Squad \r\naction figure toys are compatible with each playset (Each sold \r\nseparately. Subject to availability.)<br><br>•Ages 4 and Up <br>•WARNING: Small parts may be generated. Not for children under 3 years.<br>•Includes: 2 figures, 1 launcher, and playset</p>', 9.99, 0.80, 9.19, NULL, NULL, NULL, NULL, NULL, NULL, NULL, NULL, NULL, NULL, NULL, NULL, NULL, NULL, NULL, NULL, NULL, NULL, NULL, NULL, NULL, NULL, NULL, NULL, NULL, NULL, NULL, NULL, NULL, NULL, '/backend/files/nJRqluB213h9PvJ1NsTT.png', 1, 1, NULL, '2024-04-18 13:30:31', '2024-04-18 13:30:31');
INSERT INTO `product` (`id`, `name`, `slug`, `description`, `description_short`, `description_full`, `selling_price`, `profit`, `buying_price`, `qty_status`, `meta_title`, `meta_description`, `meta_keyword`, `product_tag`, `brand`, `sku`, `external_link`, `sell_qty`, `balance_qty`, `cash_dev_status`, `price`, `unit`, `stock_qty`, `stock_mini_qty`, `stock_status`, `manufacturer`, `download_link`, `year`, `discount`, `discount_status`, `shipping_days`, `free_shopping`, `flat_rate_status`, `flat_rate_price`, `draw_details`, `vat`, `vat_status`, `tax`, `tax_status`, `thumnail_img`, `status`, `entry_by`, `counter`, `created_at`, `updated_at`) VALUES
(38, 'Marvel Stunt Squad Captain America vs. Red Skull Playset with Action Figures (1.5”)', 'marvel-stunt-squad-captain-america-vs-red-skull-playset-with-action-figures-1-5-', NULL, '<p>Mighty heroes, mega attitude! Marvel Stunt Squad Captain America vs. Red\r\n Skull Playset is a gamified action figures set that kids will love.</p>', '<p>Mighty heroes, mega attitude! Marvel Stunt Squad Captain America vs. Red\r\n Skull Playset is a gamified action figures set that kids will love. \r\nWith favorite Marvel characters in a classic hero versus villain play \r\npattern, these small scale super hero figures are full of dynamic poses \r\nand action-packed fun! Marvel Stunt Squad Hero vs. Villain Playsets \r\ninclude two 1-inch-scale figures, a launcher, and a target base. \r\nCopyright 2023 MARVEL. Hasbro and all related terms are trademarks of \r\nHasbro.<br><br>•CAPTAIN AMERICA VS. RED SKULL: Kids 4 and up can pretend\r\n to create the ultimate showdown between Sam Wilson’s Captain America \r\nand Red Skull with this Marvel playset<br>•INCLUDES 2 FIGURES AND \r\nPLAYSET: Playset includes 1.5-inch Marvel super hero and villain action \r\nfigures, a launcher, and a target base<br>•READY, AIM, LAUNCH!: Place \r\nMarvel Stunt Squad super hero action figure on launcher, aim at the \r\ntarget, and launch toy into action for crash and bash fun<br>•DIFFERENT \r\nWAYS TO PLAY: Kids will enjoy the immersive, gamified learning \r\nexperience while discovering their own unique play patterns with this \r\nMarvel Stunt Squad playset! Play alone, or have friends and family join \r\nin on the fun<br>•COLLECT ALL MARVEL STUNT SQUAD FIGURES AND PLAYSETS: \r\nAll Marvel Stunt Squad action figure toys are compatible with each \r\nplayset (Each sold separately. Subject to availability.)<br><br>•Ages 4 and Up <br>•WARNING: Small parts may be generated. Not for children under 3 years.<br>•Includes: 2 figures, 1 launcher, and playset</p>', 9.99, 0.80, 9.19, NULL, NULL, NULL, NULL, NULL, NULL, NULL, NULL, NULL, NULL, NULL, NULL, NULL, NULL, NULL, NULL, NULL, NULL, NULL, NULL, NULL, NULL, NULL, NULL, NULL, NULL, NULL, NULL, NULL, NULL, '/backend/files/RwuxRPuRPrKRdlM3PWLn.png', 1, 1, NULL, '2024-04-18 13:32:39', '2024-04-18 13:32:39'),
(39, 'Marvel Stunt Squad Spider-Man vs. Venom Playset with Action Figures (1.5”)', 'marvel-stunt-squad-spider-man-vs-venom-playset-with-action-figures-1-5-', NULL, '<p>Mighty heroes, mega attitude! Marvel Stunt Squad Spider-Man vs. Venom \r\nPlayset is a gamified action figures set that kids will love.</p>', '<p>Mighty heroes, mega attitude! Marvel Stunt Squad Spider-Man vs. Venom \r\nPlayset is a gamified action figures set that kids will love. With \r\nfavorite Marvel characters in a classic hero versus villain play \r\npattern, these small scale super hero figures are full of dynamic poses \r\nand action-packed fun! Marvel Stunt Squad Hero vs. Villain Playsets \r\ninclude two 1-inch-scale figures, a launcher, and a target base. \r\nCopyright 2023 MARVEL. Hasbro and all related terms are trademarks of \r\nHasbro.<br><br>•SPIDER-MAN VS. VENOM: Kids 4 and up can pretend to \r\ncreate the ultimate showdown between Spider-Man and Venom with this \r\nMarvel playset<br>•INCLUDES 2 FIGURES AND PLAYSET: Playset includes \r\n1.5-inch Marvel super hero and villain action figures, a launcher, and a\r\n target base<br>•READY, AIM, LAUNCH!: Place Marvel Stunt Squad super \r\nhero action figure on launcher, aim at the target, and launch toy into \r\naction for crash and bash fun<br>•DIFFERENT WAYS TO PLAY: Kids will \r\nenjoy the immersive, gamified learning experience while discovering \r\ntheir own unique play patterns with this Marvel Stunt Squad playset! \r\nPlay alone, or have friends and family join in on the fun<br>•COLLECT \r\nALL MARVEL STUNT SQUAD FIGURES AND PLAYSETS: All Marvel Stunt Squad \r\naction figure toys are compatible with each playset (Each sold \r\nseparately. Subject to availability.)<br><br>•Ages 4 and Up <br>•WARNING: Small parts may be generated. Not for children under 3 years.<br>•Includes: 2 figures, 1 launcher, and playset</p>', 9.99, 0.80, 9.19, NULL, NULL, NULL, NULL, NULL, NULL, NULL, NULL, NULL, NULL, NULL, NULL, NULL, NULL, NULL, NULL, NULL, NULL, NULL, NULL, NULL, NULL, NULL, NULL, NULL, NULL, NULL, NULL, NULL, NULL, '/backend/files/zQhFyAyGWuKWhiPa7kcU.png', 1, 1, NULL, '2024-04-18 13:34:34', '2024-04-18 13:34:34'),
(40, 'Hasbro Marvel Shang-Chi And The Legend Of The Ten Rings Brick Breaker Action Toy For Kids Age 4 And Up', 'hasbro-marvel-shang-chi-and-the-legend-of-the-ten-rings-brick-breaker-action-toy-for-kids-age-4-and-up', NULL, '<p>Smash open the Brick Breaker box to discover which mini-figures are waiting for kids’ imagination to make the story come alive!</p>', '<p class=\"text-xl break-words lg:text-xl md:text-lg font-proxima-regular\">Smash\r\n open the Brick Breaker box to discover which mini-figures are waiting \r\nfor kids’ imagination to make the story come alive! Join Shang-Chi and \r\nthe power of the legendary Ten Rings as he tangles with formidable foes!\r\n Shang-Chi was trained in many martial arts for the secretive Ten Rings \r\norganization. On his journey toward mastery, he is drawn into a powerful\r\n web and must confront the past he thought he left behind. Kids can \r\nimagine their own adventure to claim their destiny with this Brick \r\nBreaker box with mini- figures, inspired by the movie Shang-Chi And The \r\nLegend Of The Ten Rings, part of the Marvel Cinematic Universe. © 2021 \r\nMARVEL © 2021 HASBRO Hasbro and all related terms are trademarks of \r\nHasbro.\r\n\r\n\r\n</p><div id=\"descriptionBoxTwo\" class=\"lg:text-xl text-xl md:text-lg font-proxima-regular md:pt-[30px] pt-[5px] md:pl-[12.5%]\">•BREAK\r\n OPEN THE FUN! The excitement begins by getting ready to break open the \r\nBrick Breaker box! With an adult holding the box, kids will chop open \r\nthe brick, just like Shang-Chi in the Marvel movie Shang-Chi And The \r\nLegend Of The Ten Rings!<br>•SURPRISES INSIDE: With a great big downward\r\n strike, kids release five 2-inch mini-figure toys based on characters \r\nfrom the movie Shang-Chi And The Legend of the Ten Rings! When the box \r\nbreaks open, the fun continues!<br>•MYSTERY REVEALED: Kids use their \r\npower to break out 5 mini-figures and imagine their own legendary \r\nstories. The box contains 5 mini-figure characters from the Marvel \r\nmovie. Collect all 21 mini-figures!<br>•COLLECT THEM ALL: Will it be \r\nShang-Chi, Wenwu, Xialing, the mischief maker, or villain characters \r\nfrom the Marvel movie? Each Brick Breaker box contains one 2-inch hero \r\nor villain, 3 Ten Rings warriors, and one mythical creature, all \r\ninspired by the Marvel movie. (Additional figures each sold separately. \r\nSubject to availability.)<br><br>•Ages 5 and up. <br>•WARNING: CHOKING HAZARD – Small parts. Not for children under 3 years.<br>•Includes: 5 mini-figures.</div><p></p>', 8.49, 0.68, 7.81, NULL, NULL, NULL, NULL, NULL, NULL, NULL, NULL, NULL, NULL, NULL, NULL, NULL, NULL, NULL, NULL, NULL, NULL, NULL, NULL, NULL, NULL, NULL, NULL, NULL, NULL, NULL, NULL, NULL, NULL, '/backend/files/SwFsiY6jCAiYd3Uysgcy.png', 1, 1, NULL, '2024-04-18 13:38:19', '2024-04-18 13:38:19');

-- --------------------------------------------------------

--
-- Table structure for table `produc_categories`
--

CREATE TABLE `produc_categories` (
  `id` int(11) NOT NULL,
  `product_id` int(11) DEFAULT NULL,
  `category_id` int(11) DEFAULT NULL,
  `parent_id` varchar(255) DEFAULT NULL
) ENGINE=InnoDB DEFAULT CHARSET=utf8mb4 COLLATE=utf8mb4_general_ci;

--
-- Dumping data for table `produc_categories`
--

INSERT INTO `produc_categories` (`id`, `product_id`, `category_id`, `parent_id`) VALUES
(1, 1, 1, '1,5'),
(2, 2, 1, '1,5'),
(3, 3, 1, '1,5'),
(4, 4, 1, '1,5'),
(5, 5, 1, '1,5'),
(6, 6, 1, '1,5'),
(7, 7, 1, '1,5'),
(8, 8, 1, '1,5'),
(9, 9, 1, '1,5'),
(10, 10, 1, '1,5'),
(11, 11, 1, '1,5'),
(12, 12, 1, '1,5'),
(13, 13, 1, '1,5'),
(14, 14, 1, '1,5'),
(15, 15, 1, '1,5'),
(16, 16, 1, '1,5'),
(17, 17, 1, '1,5'),
(18, 18, 1, '1,5'),
(19, 19, 1, '1,5'),
(20, 20, 1, '1,5'),
(21, 21, 1, '1,9'),
(22, 22, 1, '1,9'),
(23, 23, 1, '1,9'),
(24, 24, 1, '1,9'),
(25, 25, 1, '1,9'),
(26, 26, 1, '1,9'),
(27, 27, 1, '1,9'),
(28, 28, 1, '1,9'),
(29, 29, 1, '1,9'),
(30, 30, 1, '1,9'),
(31, 31, 1, '1,9'),
(32, 32, 1, '1,9'),
(33, 33, 1, '1,9'),
(34, 34, 1, '1,9'),
(35, 35, 1, '1,9'),
(36, 36, 1, '1,9'),
(37, 37, 1, '1,9'),
(38, 38, 1, '1,9'),
(39, 39, 1, '1,9'),
(40, 40, 1, '1,9');

-- --------------------------------------------------------

--
-- Table structure for table `produc_img_history`
--

CREATE TABLE `produc_img_history` (
  `id` int(11) NOT NULL,
  `product_id` int(11) DEFAULT NULL,
  `images` varchar(255) NOT NULL,
  `created_at` datetime DEFAULT current_timestamp(),
  `updated_at` datetime DEFAULT current_timestamp()
) ENGINE=InnoDB DEFAULT CHARSET=utf8mb4 COLLATE=utf8mb4_general_ci;

--
-- Dumping data for table `produc_img_history`
--

INSERT INTO `produc_img_history` (`id`, `product_id`, `images`, `created_at`, `updated_at`) VALUES
(1, 1, '/backend/files/66209c5c4cfca001.png', '2024-04-18 04:06:52', '2024-04-18 04:06:52'),
(2, 1, '/backend/files/66209c5c4f41b004.png', '2024-04-18 04:06:52', '2024-04-18 04:06:52'),
(3, 1, '/backend/files/66209c5c5162f002.png', '2024-04-18 04:06:52', '2024-04-18 04:06:52'),
(4, 1, '/backend/files/66209c5c5546d003.png', '2024-04-18 04:06:52', '2024-04-18 04:06:52'),
(5, 2, '/backend/files/66209dd34050f001.png', '2024-04-18 04:13:07', '2024-04-18 04:13:07'),
(6, 2, '/backend/files/66209dd3428e3002.png', '2024-04-18 04:13:07', '2024-04-18 04:13:07'),
(7, 2, '/backend/files/66209dd344c82003.png', '2024-04-18 04:13:07', '2024-04-18 04:13:07'),
(8, 3, '/backend/files/66209e50e62b7001.png', '2024-04-18 04:15:12', '2024-04-18 04:15:12'),
(9, 3, '/backend/files/66209e510211f002.png', '2024-04-18 04:15:13', '2024-04-18 04:15:13'),
(10, 4, '/backend/files/6620a2084f0da001.png', '2024-04-18 04:31:04', '2024-04-18 04:31:04'),
(11, 4, '/backend/files/6620a2085139a002.png', '2024-04-18 04:31:04', '2024-04-18 04:31:04'),
(12, 4, '/backend/files/6620a208534d2003.png', '2024-04-18 04:31:04', '2024-04-18 04:31:04'),
(13, 4, '/backend/files/6620a20855668004.png', '2024-04-18 04:31:04', '2024-04-18 04:31:04'),
(14, 4, '/backend/files/6620a2085933c005.png', '2024-04-18 04:31:04', '2024-04-18 04:31:04'),
(15, 4, '/backend/files/6620a2085d002006.png', '2024-04-18 04:31:04', '2024-04-18 04:31:04'),
(16, 4, '/backend/files/6620a2085f15f008.png', '2024-04-18 04:31:04', '2024-04-18 04:31:04'),
(17, 4, '/backend/files/6620a208632a6009.png', '2024-04-18 04:31:04', '2024-04-18 04:31:04'),
(18, 4, '/backend/files/6620a2086549d007.png', '2024-04-18 04:31:04', '2024-04-18 04:31:04'),
(19, 5, '/backend/files/6620a33b273ce003.png', '2024-04-18 04:36:11', '2024-04-18 04:36:11'),
(20, 5, '/backend/files/6620a33b29a0e001.png', '2024-04-18 04:36:11', '2024-04-18 04:36:11'),
(21, 5, '/backend/files/6620a33b2c313002.png', '2024-04-18 04:36:11', '2024-04-18 04:36:11'),
(22, 5, '/backend/files/6620a33b30de7006.png', '2024-04-18 04:36:11', '2024-04-18 04:36:11'),
(23, 5, '/backend/files/6620a33b337a2004.png', '2024-04-18 04:36:11', '2024-04-18 04:36:11'),
(24, 5, '/backend/files/6620a33b378d8005.png', '2024-04-18 04:36:11', '2024-04-18 04:36:11'),
(25, 5, '/backend/files/6620a33b3b976007.png', '2024-04-18 04:36:11', '2024-04-18 04:36:11'),
(26, 6, '/backend/files/6620a98e189fe001.png', '2024-04-18 05:03:10', '2024-04-18 05:03:10'),
(27, 6, '/backend/files/6620a98e1b5cf002.png', '2024-04-18 05:03:10', '2024-04-18 05:03:10'),
(28, 7, '/backend/files/6620a9f391d23001.png', '2024-04-18 05:04:51', '2024-04-18 05:04:51'),
(29, 7, '/backend/files/6620a9f394157002.png', '2024-04-18 05:04:51', '2024-04-18 05:04:51'),
(30, 8, '/backend/files/6620aa7773bfd001.png', '2024-04-18 05:07:03', '2024-04-18 05:07:03'),
(31, 8, '/backend/files/6620aa7776006002.png', '2024-04-18 05:07:03', '2024-04-18 05:07:03'),
(32, 9, '/backend/files/6620ab3670e7c001.png', '2024-04-18 05:10:14', '2024-04-18 05:10:14'),
(33, 9, '/backend/files/6620ab3676b84004.png', '2024-04-18 05:10:14', '2024-04-18 05:10:14'),
(34, 9, '/backend/files/6620ab3678eeb002.png', '2024-04-18 05:10:14', '2024-04-18 05:10:14'),
(35, 9, '/backend/files/6620ab367b0cd003.png', '2024-04-18 05:10:14', '2024-04-18 05:10:14'),
(36, 9, '/backend/files/6620ab367d19a005.png', '2024-04-18 05:10:14', '2024-04-18 05:10:14'),
(37, 9, '/backend/files/6620ab367f3ea006.png', '2024-04-18 05:10:14', '2024-04-18 05:10:14'),
(38, 9, '/backend/files/6620ab3683121007.png', '2024-04-18 05:10:14', '2024-04-18 05:10:14'),
(39, 10, '/backend/files/6620aba1ce603001.png', '2024-04-18 05:12:01', '2024-04-18 05:12:01'),
(40, 10, '/backend/files/6620aba1d06a1002.png', '2024-04-18 05:12:01', '2024-04-18 05:12:01'),
(41, 11, '/backend/files/6620ac510974c001.png', '2024-04-18 05:14:57', '2024-04-18 05:14:57'),
(42, 11, '/backend/files/6620ac510bafc002.png', '2024-04-18 05:14:57', '2024-04-18 05:14:57'),
(43, 11, '/backend/files/6620ac510dc79003.png', '2024-04-18 05:14:57', '2024-04-18 05:14:57'),
(44, 12, '/backend/files/6620acd5db85e001.png', '2024-04-18 05:17:09', '2024-04-18 05:17:09'),
(45, 12, '/backend/files/6620acd5e15d6002.png', '2024-04-18 05:17:09', '2024-04-18 05:17:09'),
(46, 12, '/backend/files/6620acd5e5279003.png', '2024-04-18 05:17:09', '2024-04-18 05:17:09'),
(47, 13, '/backend/files/6620add9dc9fe001.png', '2024-04-18 05:21:29', '2024-04-18 05:21:29'),
(48, 13, '/backend/files/6620add9defb6003.png', '2024-04-18 05:21:29', '2024-04-18 05:21:29'),
(49, 13, '/backend/files/6620add9e121b002.png', '2024-04-18 05:21:29', '2024-04-18 05:21:29'),
(50, 13, '/backend/files/6620add9e348a004.png', '2024-04-18 05:21:29', '2024-04-18 05:21:29'),
(51, 13, '/backend/files/6620add9e575b005.png', '2024-04-18 05:21:29', '2024-04-18 05:21:29'),
(52, 13, '/backend/files/6620add9e7a75007.png', '2024-04-18 05:21:29', '2024-04-18 05:21:29'),
(53, 13, '/backend/files/6620add9e9d98008.png', '2024-04-18 05:21:29', '2024-04-18 05:21:29'),
(54, 13, '/backend/files/6620add9ebf60006.png', '2024-04-18 05:21:29', '2024-04-18 05:21:29'),
(55, 13, '/backend/files/6620add9f21dc009.png', '2024-04-18 05:21:29', '2024-04-18 05:21:29'),
(56, 14, '/backend/files/6620ae45d00aa001.png', '2024-04-18 05:23:17', '2024-04-18 05:23:17'),
(57, 14, '/backend/files/6620ae45d3efc002.png', '2024-04-18 05:23:17', '2024-04-18 05:23:17'),
(58, 15, '/backend/files/6620af3d0dee4001.png', '2024-04-18 05:27:25', '2024-04-18 05:27:25'),
(59, 15, '/backend/files/6620af3d1400f002.png', '2024-04-18 05:27:25', '2024-04-18 05:27:25'),
(60, 15, '/backend/files/6620af3d163a0003.png', '2024-04-18 05:27:25', '2024-04-18 05:27:25'),
(61, 15, '/backend/files/6620af3d1aaf7004.png', '2024-04-18 05:27:25', '2024-04-18 05:27:25'),
(62, 15, '/backend/files/6620af3d1ceaa006.png', '2024-04-18 05:27:25', '2024-04-18 05:27:25'),
(63, 15, '/backend/files/6620af3d1f419007.png', '2024-04-18 05:27:25', '2024-04-18 05:27:25'),
(64, 16, '/backend/files/6620afe899fcf001.png', '2024-04-18 05:30:16', '2024-04-18 05:30:16'),
(65, 16, '/backend/files/6620afe89c57f002.png', '2024-04-18 05:30:16', '2024-04-18 05:30:16'),
(66, 17, '/backend/files/6620b08e1fc36001.png', '2024-04-18 05:33:02', '2024-04-18 05:33:02'),
(67, 17, '/backend/files/6620b08e21f45002.png', '2024-04-18 05:33:02', '2024-04-18 05:33:02'),
(68, 17, '/backend/files/6620b08e2421e003.png', '2024-04-18 05:33:02', '2024-04-18 05:33:02'),
(69, 17, '/backend/files/6620b08e265a8004.png', '2024-04-18 05:33:02', '2024-04-18 05:33:02'),
(70, 17, '/backend/files/6620b08e2898a005.png', '2024-04-18 05:33:02', '2024-04-18 05:33:02'),
(71, 18, '/backend/files/6620b19444ab9001.png', '2024-04-18 05:37:24', '2024-04-18 05:37:24'),
(72, 18, '/backend/files/6620b19446dc9004.png', '2024-04-18 05:37:24', '2024-04-18 05:37:24'),
(73, 18, '/backend/files/6620b19448eca009.png', '2024-04-18 05:37:24', '2024-04-18 05:37:24'),
(74, 18, '/backend/files/6620b1944af37002.png', '2024-04-18 05:37:24', '2024-04-18 05:37:24'),
(75, 18, '/backend/files/6620b1944d0fd003.png', '2024-04-18 05:37:24', '2024-04-18 05:37:24'),
(76, 18, '/backend/files/6620b1944f8e5005.png', '2024-04-18 05:37:24', '2024-04-18 05:37:24'),
(77, 18, '/backend/files/6620b19453a57006.png', '2024-04-18 05:37:24', '2024-04-18 05:37:24'),
(78, 18, '/backend/files/6620b19456239007.png', '2024-04-18 05:37:24', '2024-04-18 05:37:24'),
(79, 18, '/backend/files/6620b19458a74008.png', '2024-04-18 05:37:24', '2024-04-18 05:37:24'),
(80, 19, '/backend/files/6620b21526961001.png', '2024-04-18 05:39:33', '2024-04-18 05:39:33'),
(81, 19, '/backend/files/6620b21528cb6002.png', '2024-04-18 05:39:33', '2024-04-18 05:39:33'),
(82, 20, '/backend/files/6620b308642da001.png', '2024-04-18 05:43:36', '2024-04-18 05:43:36'),
(83, 20, '/backend/files/6620b30866878002.png', '2024-04-18 05:43:36', '2024-04-18 05:43:36'),
(84, 20, '/backend/files/6620b30868936004.png', '2024-04-18 05:43:36', '2024-04-18 05:43:36'),
(85, 20, '/backend/files/6620b3086a9b4005.png', '2024-04-18 05:43:36', '2024-04-18 05:43:36'),
(86, 20, '/backend/files/6620b3086ca94006.png', '2024-04-18 05:43:36', '2024-04-18 05:43:36'),
(87, 20, '/backend/files/6620b30870ad3003.png', '2024-04-18 05:43:36', '2024-04-18 05:43:36'),
(88, 20, '/backend/files/6620b30872cc2007.png', '2024-04-18 05:43:36', '2024-04-18 05:43:36'),
(89, 21, '/backend/files/6620b652c1b90001.png', '2024-04-18 05:57:38', '2024-04-18 05:57:38'),
(90, 21, '/backend/files/6620b652c6064002.png', '2024-04-18 05:57:38', '2024-04-18 05:57:38'),
(91, 21, '/backend/files/6620b652c9dbe003.png', '2024-04-18 05:57:38', '2024-04-18 05:57:38'),
(92, 21, '/backend/files/6620b652cc002004.png', '2024-04-18 05:57:38', '2024-04-18 05:57:38'),
(93, 21, '/backend/files/6620b652ce20d005.png', '2024-04-18 05:57:38', '2024-04-18 05:57:38'),
(94, 21, '/backend/files/6620b652d03ff007.png', '2024-04-18 05:57:38', '2024-04-18 05:57:38'),
(95, 21, '/backend/files/6620b652d2625008.png', '2024-04-18 05:57:38', '2024-04-18 05:57:38'),
(96, 21, '/backend/files/6620b652d485d006.png', '2024-04-18 05:57:38', '2024-04-18 05:57:38'),
(97, 22, '/backend/files/6620b7007027b001.png', '2024-04-18 06:00:32', '2024-04-18 06:00:32'),
(98, 22, '/backend/files/6620b70072578002.png', '2024-04-18 06:00:32', '2024-04-18 06:00:32'),
(99, 22, '/backend/files/6620b7007474d003.png', '2024-04-18 06:00:32', '2024-04-18 06:00:32'),
(100, 22, '/backend/files/6620b70076938004.png', '2024-04-18 06:00:32', '2024-04-18 06:00:32'),
(101, 22, '/backend/files/6620b70078b18005.png', '2024-04-18 06:00:32', '2024-04-18 06:00:32'),
(102, 22, '/backend/files/6620b7007cfa8006.png', '2024-04-18 06:00:32', '2024-04-18 06:00:32'),
(103, 22, '/backend/files/6620b7007f187007.png', '2024-04-18 06:00:32', '2024-04-18 06:00:32'),
(104, 22, '/backend/files/6620b70081323008.png', '2024-04-18 06:00:32', '2024-04-18 06:00:32'),
(105, 23, '/backend/files/6620b84dbf745001.png', '2024-04-18 06:06:05', '2024-04-18 06:06:05'),
(106, 23, '/backend/files/6620b84dc2288002.png', '2024-04-18 06:06:05', '2024-04-18 06:06:05'),
(107, 23, '/backend/files/6620b84dc473e003.png', '2024-04-18 06:06:05', '2024-04-18 06:06:05'),
(108, 23, '/backend/files/6620b84dc6ac9004.png', '2024-04-18 06:06:05', '2024-04-18 06:06:05'),
(109, 23, '/backend/files/6620b84dc8d5a005.png', '2024-04-18 06:06:05', '2024-04-18 06:06:05'),
(110, 23, '/backend/files/6620b84dcb0ba006.png', '2024-04-18 06:06:05', '2024-04-18 06:06:05'),
(111, 24, '/backend/files/6620b8f6ed237001.png', '2024-04-18 06:08:54', '2024-04-18 06:08:54'),
(112, 24, '/backend/files/6620b8f6ef4ee002.png', '2024-04-18 06:08:54', '2024-04-18 06:08:54'),
(113, 24, '/backend/files/6620b8f6f1615003.png', '2024-04-18 06:08:54', '2024-04-18 06:08:54'),
(114, 24, '/backend/files/6620b8f6f38f0004.png', '2024-04-18 06:08:54', '2024-04-18 06:08:54'),
(115, 24, '/backend/files/6620b8f7019d1005.png', '2024-04-18 06:08:55', '2024-04-18 06:08:55'),
(116, 24, '/backend/files/6620b8f703c5b006.png', '2024-04-18 06:08:55', '2024-04-18 06:08:55'),
(117, 25, '/backend/files/6620b9a4f3ff3001.png', '2024-04-18 06:11:49', '2024-04-18 06:11:49'),
(118, 25, '/backend/files/6620b9a502259002.png', '2024-04-18 06:11:49', '2024-04-18 06:11:49'),
(119, 25, '/backend/files/6620b9a50453d003.png', '2024-04-18 06:11:49', '2024-04-18 06:11:49'),
(120, 25, '/backend/files/6620b9a50695b004.png', '2024-04-18 06:11:49', '2024-04-18 06:11:49'),
(121, 25, '/backend/files/6620b9a50aa96005.png', '2024-04-18 06:11:49', '2024-04-18 06:11:49'),
(122, 26, '/backend/files/6620ba2ad4657001.png', '2024-04-18 06:14:02', '2024-04-18 06:14:02'),
(123, 26, '/backend/files/6620ba2ae0703002.png', '2024-04-18 06:14:02', '2024-04-18 06:14:02'),
(124, 26, '/backend/files/6620ba2ae29ad003.png', '2024-04-18 06:14:02', '2024-04-18 06:14:02'),
(125, 26, '/backend/files/6620ba2ae6e48004.png', '2024-04-18 06:14:02', '2024-04-18 06:14:02'),
(126, 27, '/backend/files/6620bae467df3001.png', '2024-04-18 06:17:08', '2024-04-18 06:17:08'),
(127, 27, '/backend/files/6620bae46a1e0002.png', '2024-04-18 06:17:08', '2024-04-18 06:17:08'),
(128, 27, '/backend/files/6620bae46c640004.png', '2024-04-18 06:17:08', '2024-04-18 06:17:08'),
(129, 27, '/backend/files/6620bae46eb9f003.png', '2024-04-18 06:17:08', '2024-04-18 06:17:08'),
(130, 28, '/backend/files/6620bbca9be7a001.png', '2024-04-18 06:20:58', '2024-04-18 06:20:58'),
(131, 28, '/backend/files/6620bbca9eb3a002.png', '2024-04-18 06:20:58', '2024-04-18 06:20:58'),
(132, 28, '/backend/files/6620bbcaa13db003.png', '2024-04-18 06:20:58', '2024-04-18 06:20:58'),
(133, 28, '/backend/files/6620bbcaa3ae6004.png', '2024-04-18 06:20:58', '2024-04-18 06:20:58'),
(134, 28, '/backend/files/6620bbcaa636a005.png', '2024-04-18 06:20:58', '2024-04-18 06:20:58'),
(135, 29, '/backend/files/6620bceb7604d001.png', '2024-04-18 06:25:47', '2024-04-18 06:25:47'),
(136, 29, '/backend/files/6620bceb78950002.png', '2024-04-18 06:25:47', '2024-04-18 06:25:47'),
(137, 29, '/backend/files/6620bceb7ae3d003.png', '2024-04-18 06:25:47', '2024-04-18 06:25:47'),
(138, 29, '/backend/files/6620bceb7f26c004.png', '2024-04-18 06:25:47', '2024-04-18 06:25:47'),
(139, 29, '/backend/files/6620bceb8164b005.png', '2024-04-18 06:25:47', '2024-04-18 06:25:47'),
(140, 29, '/backend/files/6620bceb83ed5006.png', '2024-04-18 06:25:47', '2024-04-18 06:25:47'),
(141, 29, '/backend/files/6620bceb86838007.png', '2024-04-18 06:25:47', '2024-04-18 06:25:47'),
(142, 29, '/backend/files/6620bceb8903b008.png', '2024-04-18 06:25:47', '2024-04-18 06:25:47'),
(143, 29, '/backend/files/6620bceb8b8c6009.png', '2024-04-18 06:25:47', '2024-04-18 06:25:47'),
(144, 30, '/backend/files/6620bdcc0e902001.png', '2024-04-18 06:29:32', '2024-04-18 06:29:32'),
(145, 30, '/backend/files/6620bdcc10bef002.png', '2024-04-18 06:29:32', '2024-04-18 06:29:32'),
(146, 30, '/backend/files/6620bdcc12d1a003.png', '2024-04-18 06:29:32', '2024-04-18 06:29:32'),
(147, 30, '/backend/files/6620bdcc14e56004.png', '2024-04-18 06:29:32', '2024-04-18 06:29:32'),
(148, 30, '/backend/files/6620bdcc16fed005.png', '2024-04-18 06:29:32', '2024-04-18 06:29:32'),
(149, 30, '/backend/files/6620bdcc19143006.png', '2024-04-18 06:29:32', '2024-04-18 06:29:32'),
(150, 31, '/backend/files/66211ba8efe9d001.png', '2024-04-18 13:10:00', '2024-04-18 13:10:00'),
(151, 31, '/backend/files/66211ba8f395c002.png', '2024-04-18 13:10:00', '2024-04-18 13:10:00'),
(152, 31, '/backend/files/66211ba90174e003.png', '2024-04-18 13:10:01', '2024-04-18 13:10:01'),
(153, 31, '/backend/files/66211ba90380a004.png', '2024-04-18 13:10:01', '2024-04-18 13:10:01'),
(154, 32, '/backend/files/66211c609652b001.png', '2024-04-18 13:13:04', '2024-04-18 13:13:04'),
(155, 32, '/backend/files/66211c6098aac002.png', '2024-04-18 13:13:04', '2024-04-18 13:13:04'),
(156, 32, '/backend/files/66211c609b27f003.png', '2024-04-18 13:13:04', '2024-04-18 13:13:04'),
(157, 32, '/backend/files/66211c609ffc1004.png', '2024-04-18 13:13:04', '2024-04-18 13:13:04'),
(158, 33, '/backend/files/66211e04409ff001.png', '2024-04-18 13:20:04', '2024-04-18 13:20:04'),
(159, 33, '/backend/files/66211e0444835002.png', '2024-04-18 13:20:04', '2024-04-18 13:20:04'),
(160, 33, '/backend/files/66211e0448609003.png', '2024-04-18 13:20:04', '2024-04-18 13:20:04'),
(161, 34, '/backend/files/66211e9cb3259001.png', '2024-04-18 13:22:36', '2024-04-18 13:22:36'),
(162, 34, '/backend/files/66211e9cb70de002.png', '2024-04-18 13:22:36', '2024-04-18 13:22:36'),
(163, 34, '/backend/files/66211e9cbae8d003.png', '2024-04-18 13:22:36', '2024-04-18 13:22:36'),
(164, 35, '/backend/files/66211f13b7f98001.png', '2024-04-18 13:24:35', '2024-04-18 13:24:35'),
(165, 35, '/backend/files/66211f13bf73b002.png', '2024-04-18 13:24:35', '2024-04-18 13:24:35'),
(166, 35, '/backend/files/66211f13c72a2003.png', '2024-04-18 13:24:35', '2024-04-18 13:24:35'),
(167, 36, '/backend/files/66211fef59020001.png', '2024-04-18 13:28:15', '2024-04-18 13:28:15'),
(168, 36, '/backend/files/66211fef5b149002.png', '2024-04-18 13:28:15', '2024-04-18 13:28:15'),
(169, 36, '/backend/files/66211fef5d22a003.png', '2024-04-18 13:28:15', '2024-04-18 13:28:15'),
(170, 36, '/backend/files/66211fef5f1d1004.png', '2024-04-18 13:28:15', '2024-04-18 13:28:15'),
(171, 37, '/backend/files/6621207759117001.png', '2024-04-18 13:30:31', '2024-04-18 13:30:31'),
(172, 37, '/backend/files/662120776460d002.png', '2024-04-18 13:30:31', '2024-04-18 13:30:31'),
(173, 37, '/backend/files/6621207768831003.png', '2024-04-18 13:30:31', '2024-04-18 13:30:31'),
(174, 38, '/backend/files/662120f71a36d001.png', '2024-04-18 13:32:39', '2024-04-18 13:32:39'),
(175, 38, '/backend/files/662120f7220ed002.png', '2024-04-18 13:32:39', '2024-04-18 13:32:39'),
(176, 38, '/backend/files/662120f726a75003.png', '2024-04-18 13:32:39', '2024-04-18 13:32:39'),
(177, 39, '/backend/files/6621216a3c9f9001.png', '2024-04-18 13:34:34', '2024-04-18 13:34:34'),
(178, 39, '/backend/files/6621216a3ee59002.png', '2024-04-18 13:34:34', '2024-04-18 13:34:34'),
(179, 39, '/backend/files/6621216a410ec003.png', '2024-04-18 13:34:34', '2024-04-18 13:34:34'),
(180, 40, '/backend/files/6621224bb4361001.png', '2024-04-18 13:38:19', '2024-04-18 13:38:19'),
(181, 40, '/backend/files/6621224bb662b002.png', '2024-04-18 13:38:19', '2024-04-18 13:38:19'),
(182, 40, '/backend/files/6621224bb875d003.png', '2024-04-18 13:38:19', '2024-04-18 13:38:19'),
(183, 40, '/backend/files/6621224bba88f004.png', '2024-04-18 13:38:19', '2024-04-18 13:38:19'),
(184, 40, '/backend/files/6621224bbe820005.png', '2024-04-18 13:38:19', '2024-04-18 13:38:19'),
(185, 40, '/backend/files/6621224bc08fc006.png', '2024-04-18 13:38:19', '2024-04-18 13:38:19'),
(186, 40, '/backend/files/6621224bc29b6Untitled-1.png', '2024-04-18 13:38:19', '2024-04-18 13:38:19');

-- --------------------------------------------------------

--
-- Table structure for table `rule`
--

CREATE TABLE `rule` (
  `id` int(11) NOT NULL,
  `name` varchar(255) NOT NULL,
  `status` int(11) DEFAULT NULL
) ENGINE=InnoDB DEFAULT CHARSET=utf8mb4 COLLATE=utf8mb4_general_ci;

--
-- Dumping data for table `rule`
--

INSERT INTO `rule` (`id`, `name`, `status`) VALUES
(1, 'Admin', 1),
(2, 'Partner', 1);

-- --------------------------------------------------------

--
-- Table structure for table `service`
--

CREATE TABLE `service` (
  `id` int(11) NOT NULL,
  `name` varchar(255) DEFAULT NULL,
  `price` int(11) DEFAULT NULL,
  `status` int(11) DEFAULT 1,
  `created_at` datetime NOT NULL DEFAULT current_timestamp(),
  `updated_at` datetime NOT NULL DEFAULT current_timestamp()
) ENGINE=InnoDB DEFAULT CHARSET=utf8mb4 COLLATE=utf8mb4_general_ci;

--
-- Dumping data for table `service`
--

INSERT INTO `service` (`id`, `name`, `price`, `status`, `created_at`, `updated_at`) VALUES
(1, 'Service 1', 10, 1, '2024-04-20 20:03:13', '2024-04-20 20:03:13'),
(2, 'Service 2', 20, 1, '2024-04-20 20:03:13', '2024-04-20 20:03:13'),
(3, 'Service 3', 30, 1, '2024-04-20 20:03:13', '2024-04-20 20:03:13'),
(4, 'Service 4', 40, 1, '2024-04-20 20:03:13', '2024-04-20 20:03:13'),
(5, 'Service 5', 50, 1, '2024-04-20 20:03:13', '2024-04-20 20:03:13'),
(6, 'Service 6', 60, 1, '2024-04-20 20:03:13', '2024-04-20 20:03:13');

-- --------------------------------------------------------

--
-- Table structure for table `setting`
--

CREATE TABLE `setting` (
  `id` int(11) NOT NULL,
  `name` varchar(255) NOT NULL,
  `deposit_service_charge` int(11) DEFAULT NULL COMMENT '%',
  `convert_php_amt` float DEFAULT NULL,
  `withdraw_service_charge` int(10) DEFAULT NULL COMMENT '%',
  `withdraw_minimum_amount` int(11) DEFAULT NULL,
  `withdraw_maximum_amount` int(11) DEFAULT NULL,
  `minimum_trade_amount` int(11) DEFAULT NULL,
  `minimum_deposit_amount` int(11) DEFAULT NULL,
  `trade_fee` int(11) DEFAULT NULL COMMENT '%',
  `first_up_lin_com` int(11) DEFAULT NULL COMMENT '%',
  `second_up_lin_com` int(11) DEFAULT NULL COMMENT '%',
  `third_up_lin_com` int(11) DEFAULT NULL COMMENT '%',
  `trade_percent` int(11) DEFAULT NULL COMMENT '%',
  `tel` varchar(255) NOT NULL,
  `email` varchar(255) NOT NULL,
  `address` text NOT NULL,
  `whatsApp` varchar(255) NOT NULL,
  `emergency` varchar(255) NOT NULL,
  `photo` varchar(255) DEFAULT NULL,
  `description` text NOT NULL,
  `copyright` varchar(255) NOT NULL,
  `status` int(11) NOT NULL,
  `admin_photo` varchar(244) NOT NULL,
  `admin_name` varchar(255) NOT NULL,
  `admin_email` varchar(255) NOT NULL,
  `admin_phone` varchar(255) NOT NULL,
  `meta_keywords` text DEFAULT NULL,
  `meta_description` text DEFAULT NULL,
  `pphoto` varchar(255) NOT NULL,
  `bg_color` varchar(255) DEFAULT NULL,
  `currency` varchar(150) DEFAULT NULL,
  `openinig_balance_date` date DEFAULT NULL,
  `reffer_bonus` int(11) DEFAULT NULL,
  `openinig_balance_comments` text DEFAULT NULL,
  `fblink` varchar(255) DEFAULT NULL,
  `twitterlink` varchar(255) DEFAULT NULL,
  `linkdinlink` varchar(255) DEFAULT NULL,
  `instragramlink` varchar(255) DEFAULT NULL,
  `store_policy` longtext DEFAULT NULL,
  `crypto_wallet_address` varchar(255) DEFAULT NULL,
  `master_pass_acc_no` varchar(255) DEFAULT NULL,
  `website` varchar(255) DEFAULT NULL,
  `bkash_number` varchar(255) DEFAULT NULL COMMENT '2.bkash',
  `bkash_fee` decimal(10,2) DEFAULT NULL COMMENT '%',
  `nagad_number` varchar(255) DEFAULT NULL COMMENT '3.nogot',
  `nagad_fee` decimal(10,2) DEFAULT NULL COMMENT '%',
  `rocket_number` varchar(255) DEFAULT NULL COMMENT '4.roket',
  `rocket_fee` decimal(10,2) DEFAULT NULL COMMENT '%',
  `upay_number` varchar(255) DEFAULT NULL COMMENT '5.upay',
  `upay_fee` decimal(10,2) DEFAULT NULL COMMENT '%',
  `wallet_balance` varchar(255) DEFAULT NULL,
  `shipping_fee` varchar(255) DEFAULT NULL,
  `vat_percentage` varchar(255) DEFAULT NULL COMMENT '%'
) ENGINE=InnoDB DEFAULT CHARSET=utf8 COLLATE=utf8_general_ci;

--
-- Dumping data for table `setting`
--

INSERT INTO `setting` (`id`, `name`, `deposit_service_charge`, `convert_php_amt`, `withdraw_service_charge`, `withdraw_minimum_amount`, `withdraw_maximum_amount`, `minimum_trade_amount`, `minimum_deposit_amount`, `trade_fee`, `first_up_lin_com`, `second_up_lin_com`, `third_up_lin_com`, `trade_percent`, `tel`, `email`, `address`, `whatsApp`, `emergency`, `photo`, `description`, `copyright`, `status`, `admin_photo`, `admin_name`, `admin_email`, `admin_phone`, `meta_keywords`, `meta_description`, `pphoto`, `bg_color`, `currency`, `openinig_balance_date`, `reffer_bonus`, `openinig_balance_comments`, `fblink`, `twitterlink`, `linkdinlink`, `instragramlink`, `store_policy`, `crypto_wallet_address`, `master_pass_acc_no`, `website`, `bkash_number`, `bkash_fee`, `nagad_number`, `nagad_fee`, `rocket_number`, `rocket_fee`, `upay_number`, `upay_fee`, `wallet_balance`, `shipping_fee`, `vat_percentage`) VALUES
(1, 'DropShipping', 5, 64, 5, 20, 4000, 5, 10, 6, 1, 1, 1, 10, '+44245454545', 'info@abcd.com', 'Addres', '000000', '+000000', 'pic/2tAjiUpJ0X8GziIrKJJJ.png', 'Business Description', 'Copyright © 2024 winup Inc. All Rights Reserved', 1, 'pic/ZOdc8nsWAMY1YELkp9zH.jpg', 'admin', 'info@admin.com', '+44245454545', NULL, NULL, '', '#ffffff', '$', '2020-05-13', 5, NULL, 'https://www.fiverr.com', 'https://www.facebook.com', 'https://web.whatsapp.com/', '#', '<p><strong>Cancellation / Return / Exchange Policy.</strong></p><p>We offer a minimum of 18 day returns guarantee on all our items and 30 day return on eligible items. If you are not completely satisfied with your item you may return the items to the seller, within the stipulated return period for a refund (&ldquo;money back guaranteed&rdquo;). Please, ensure you obtain a proof of return postage as items being returned are the responsibility of the customer until the items reach the seller. Refunds will take approximately 5 &ndash; 7 working days for the process once the goods have arrived to the seller. Sometimes it might take up to 30 days but in rare cases if you paid using credit card but in exceptional cases. We always advise payments are made through PayPal. Returned Items must be in their original packaging, and intact to avoid breakage in transit. . In the interest of hygiene, returns on earrings, cosmetics and underwear may not be accepted at any time. Swimwear may not be returned if the hygiene seal is broken. We guarantee to refund unworn or unwashed items when you return it in re-sellable condition,.</p><p><strong>Non-Returnable Items</strong></p><p>We don&rsquo;t accept returns for items such as food unless of course they&rsquo;re faulty. Our website and catalogue clearly show which items are excluded. If you&rsquo;re returning an electrical item, it must be unused and in its original sealed packaging.</p>', 'TPpMvdKfhENfJqYZsDJQLgEopMRBy15jeU', '225588996633', 'http://winup360.com', '01827720375', 1.49, '01827720375', 1.50, '01827720375', 1.80, '01827720375', 1.00, '222', '10', '5');

-- --------------------------------------------------------

--
-- Table structure for table `sliders`
--

CREATE TABLE `sliders` (
  `id` int(11) NOT NULL,
  `images` varchar(255) DEFAULT NULL,
  `redirect_url` varchar(255) DEFAULT NULL,
  `status` int(11) DEFAULT NULL
) ENGINE=InnoDB DEFAULT CHARSET=utf8mb4 COLLATE=utf8mb4_general_ci;

--
-- Dumping data for table `sliders`
--

INSERT INTO `sliders` (`id`, `images`, `redirect_url`, `status`) VALUES
(1, '/backend/slider_imaes/3hgd3hO9eym5iopHTMyT.png', 'Slider-1', 1),
(2, '/backend/slider_imaes/BfJxjDkSLTQ3dMqdC38O.png', 'Slider-2', 1),
(3, '/backend/slider_imaes/GbGPlJo4uXo5tFRSVRwJ.png', 'Slider-3', 1),
(4, '/backend/slider_imaes/x2F7I7DtHuUTcRIuEA2u.png', 'Slider-4', 1);

-- --------------------------------------------------------

--
-- Table structure for table `states`
--

CREATE TABLE `states` (
  `id` int(11) NOT NULL,
  `name` varchar(30) NOT NULL,
  `country_id` int(11) NOT NULL DEFAULT 1
) ENGINE=InnoDB DEFAULT CHARSET=latin1 COLLATE=latin1_swedish_ci;

--
-- Dumping data for table `states`
--

INSERT INTO `states` (`id`, `name`, `country_id`) VALUES
(1, 'Andaman and Nicobar Islands', 101),
(2, 'Andhra Pradesh', 101),
(3, 'Arunachal Pradesh', 101),
(4, 'Assam', 101),
(5, 'Bihar', 101),
(6, 'Chandigarh', 101),
(7, 'Chhattisgarh', 101),
(8, 'Dadra and Nagar Haveli', 101),
(9, 'Daman and Diu', 101),
(10, 'Delhi', 101),
(11, 'Goa', 101),
(12, 'Gujarat', 101),
(13, 'Haryana', 101),
(14, 'Himachal Pradesh', 101),
(15, 'Jammu and Kashmir', 101),
(16, 'Jharkhand', 101),
(17, 'Karnataka', 101),
(18, 'Kenmore', 101),
(19, 'Kerala', 101),
(20, 'Lakshadweep', 101),
(21, 'Madhya Pradesh', 101),
(22, 'Maharashtra', 101),
(23, 'Manipur', 101),
(24, 'Meghalaya', 101),
(25, 'Mizoram', 101),
(26, 'Nagaland', 101),
(27, 'Narora', 101),
(28, 'Natwar', 101),
(29, 'Odisha', 101),
(30, 'Paschim Medinipur', 101),
(31, 'Pondicherry', 101),
(32, 'Punjab', 101),
(33, 'Rajasthan', 101),
(34, 'Sikkim', 101),
(35, 'Tamil Nadu', 101),
(36, 'Telangana', 101),
(37, 'Tripura', 101),
(38, 'Uttar Pradesh', 101),
(39, 'Uttarakhand', 101),
(40, 'Vaishali', 101),
(41, 'West Bengal', 101),
(42, 'Badakhshan', 1),
(43, 'Badgis', 1),
(44, 'Baglan', 1),
(45, 'Balkh', 1),
(46, 'Bamiyan', 1),
(47, 'Farah', 1),
(48, 'Faryab', 1),
(49, 'Gawr', 1),
(50, 'Gazni', 1),
(51, 'Herat', 1),
(52, 'Hilmand', 1),
(53, 'Jawzjan', 1),
(54, 'Kabul', 1),
(55, 'Kapisa', 1),
(56, 'Khawst', 1),
(57, 'Kunar', 1),
(58, 'Lagman', 1),
(59, 'Lawghar', 1),
(60, 'Nangarhar', 1),
(61, 'Nimruz', 1),
(62, 'Nuristan', 1),
(63, 'Paktika', 1),
(64, 'Paktiya', 1),
(65, 'Parwan', 1),
(66, 'Qandahar', 1),
(67, 'Qunduz', 1),
(68, 'Samangan', 1),
(69, 'Sar-e Pul', 1),
(70, 'Takhar', 1),
(71, 'Uruzgan', 1),
(72, 'Wardag', 1),
(73, 'Zabul', 1),
(74, 'Berat', 2),
(75, 'Bulqize', 2),
(76, 'Delvine', 2),
(77, 'Devoll', 2),
(78, 'Dibre', 2),
(79, 'Durres', 2),
(80, 'Elbasan', 2),
(81, 'Fier', 2),
(82, 'Gjirokaster', 2),
(83, 'Gramsh', 2),
(84, 'Has', 2),
(85, 'Kavaje', 2),
(86, 'Kolonje', 2),
(87, 'Korce', 2),
(88, 'Kruje', 2),
(89, 'Kucove', 2),
(90, 'Kukes', 2),
(91, 'Kurbin', 2),
(92, 'Lezhe', 2),
(93, 'Librazhd', 2),
(94, 'Lushnje', 2),
(95, 'Mallakaster', 2),
(96, 'Malsi e Madhe', 2),
(97, 'Mat', 2),
(98, 'Mirdite', 2),
(99, 'Peqin', 2),
(100, 'Permet', 2),
(101, 'Pogradec', 2),
(102, 'Puke', 2),
(103, 'Sarande', 2),
(104, 'Shkoder', 2),
(105, 'Skrapar', 2),
(106, 'Tepelene', 2),
(107, 'Tirane', 2),
(108, 'Tropoje', 2),
(109, 'Vlore', 2),
(110, '\'Ayn Daflah', 3),
(111, '\'Ayn Tamushanat', 3),
(112, 'Adrar', 3),
(113, 'Algiers', 3),
(114, 'Annabah', 3),
(115, 'Bashshar', 3),
(116, 'Batnah', 3),
(117, 'Bijayah', 3),
(118, 'Biskrah', 3),
(119, 'Blidah', 3),
(120, 'Buirah', 3),
(121, 'Bumardas', 3),
(122, 'Burj Bu Arririj', 3),
(123, 'Ghalizan', 3),
(124, 'Ghardayah', 3),
(125, 'Ilizi', 3),
(126, 'Jijili', 3),
(127, 'Jilfah', 3),
(128, 'Khanshalah', 3),
(129, 'Masilah', 3),
(130, 'Midyah', 3),
(131, 'Milah', 3),
(132, 'Muaskar', 3),
(133, 'Mustaghanam', 3),
(134, 'Naama', 3),
(135, 'Oran', 3),
(136, 'Ouargla', 3),
(137, 'Qalmah', 3),
(138, 'Qustantinah', 3),
(139, 'Sakikdah', 3),
(140, 'Satif', 3),
(141, 'Sayda\'', 3),
(142, 'Sidi ban-al-\'Abbas', 3),
(143, 'Suq Ahras', 3),
(144, 'Tamanghasat', 3),
(145, 'Tibazah', 3),
(146, 'Tibissah', 3),
(147, 'Tilimsan', 3),
(148, 'Tinduf', 3),
(149, 'Tisamsilt', 3),
(150, 'Tiyarat', 3),
(151, 'Tizi Wazu', 3),
(152, 'Umm-al-Bawaghi', 3),
(153, 'Wahran', 3),
(154, 'Warqla', 3),
(155, 'Wilaya d Alger', 3),
(156, 'Wilaya de Bejaia', 3),
(157, 'Wilaya de Constantine', 3),
(158, 'al-Aghwat', 3),
(159, 'al-Bayadh', 3),
(160, 'al-Jaza\'ir', 3),
(161, 'al-Wad', 3),
(162, 'ash-Shalif', 3),
(163, 'at-Tarif', 3),
(164, 'Eastern', 4),
(165, 'Manu\'a', 4),
(166, 'Swains Island', 4),
(167, 'Western', 4),
(168, 'Andorra la Vella', 5),
(169, 'Canillo', 5),
(170, 'Encamp', 5),
(171, 'La Massana', 5),
(172, 'Les Escaldes', 5),
(173, 'Ordino', 5),
(174, 'Sant Julia de Loria', 5),
(175, 'Bengo', 6),
(176, 'Benguela', 6),
(177, 'Bie', 6),
(178, 'Cabinda', 6),
(179, 'Cunene', 6),
(180, 'Huambo', 6),
(181, 'Huila', 6),
(182, 'Kuando-Kubango', 6),
(183, 'Kwanza Norte', 6),
(184, 'Kwanza Sul', 6),
(185, 'Luanda', 6),
(186, 'Lunda Norte', 6),
(187, 'Lunda Sul', 6),
(188, 'Malanje', 6),
(189, 'Moxico', 6),
(190, 'Namibe', 6),
(191, 'Uige', 6),
(192, 'Zaire', 6),
(193, 'Other Provinces', 7),
(194, 'Sector claimed by Argentina/Ch', 8),
(195, 'Sector claimed by Argentina/UK', 8),
(196, 'Sector claimed by Australia', 8),
(197, 'Sector claimed by France', 8),
(198, 'Sector claimed by New Zealand', 8),
(199, 'Sector claimed by Norway', 8),
(200, 'Unclaimed Sector', 8),
(201, 'Barbuda', 9),
(202, 'Saint George', 9),
(203, 'Saint John', 9),
(204, 'Saint Mary', 9),
(205, 'Saint Paul', 9),
(206, 'Saint Peter', 9),
(207, 'Saint Philip', 9),
(208, 'Buenos Aires', 10),
(209, 'Catamarca', 10),
(210, 'Chaco', 10),
(211, 'Chubut', 10),
(212, 'Cordoba', 10),
(213, 'Corrientes', 10),
(214, 'Distrito Federal', 10),
(215, 'Entre Rios', 10),
(216, 'Formosa', 10),
(217, 'Jujuy', 10),
(218, 'La Pampa', 10),
(219, 'La Rioja', 10),
(220, 'Mendoza', 10),
(221, 'Misiones', 10),
(222, 'Neuquen', 10),
(223, 'Rio Negro', 10),
(224, 'Salta', 10),
(225, 'San Juan', 10),
(226, 'San Luis', 10),
(227, 'Santa Cruz', 10),
(228, 'Santa Fe', 10),
(229, 'Santiago del Estero', 10),
(230, 'Tierra del Fuego', 10),
(231, 'Tucuman', 10),
(232, 'Aragatsotn', 11),
(233, 'Ararat', 11),
(234, 'Armavir', 11),
(235, 'Gegharkunik', 11),
(236, 'Kotaik', 11),
(237, 'Lori', 11),
(238, 'Shirak', 11),
(239, 'Stepanakert', 11),
(240, 'Syunik', 11),
(241, 'Tavush', 11),
(242, 'Vayots Dzor', 11),
(243, 'Yerevan', 11),
(244, 'Aruba', 12),
(245, 'Auckland', 13),
(246, 'Australian Capital Territory', 13),
(247, 'Balgowlah', 13),
(248, 'Balmain', 13),
(249, 'Bankstown', 13),
(250, 'Baulkham Hills', 13),
(251, 'Bonnet Bay', 13),
(252, 'Camberwell', 13),
(253, 'Carole Park', 13),
(254, 'Castle Hill', 13),
(255, 'Caulfield', 13),
(256, 'Chatswood', 13),
(257, 'Cheltenham', 13),
(258, 'Cherrybrook', 13),
(259, 'Clayton', 13),
(260, 'Collingwood', 13),
(261, 'Frenchs Forest', 13),
(262, 'Hawthorn', 13),
(263, 'Jannnali', 13),
(264, 'Knoxfield', 13),
(265, 'Melbourne', 13),
(266, 'New South Wales', 13),
(267, 'Northern Territory', 13),
(268, 'Perth', 13),
(269, 'Queensland', 13),
(270, 'South Australia', 13),
(271, 'Tasmania', 13),
(272, 'Templestowe', 13),
(273, 'Victoria', 13),
(274, 'Werribee south', 13),
(275, 'Western Australia', 13),
(276, 'Wheeler', 13),
(277, 'Bundesland Salzburg', 14),
(278, 'Bundesland Steiermark', 14),
(279, 'Bundesland Tirol', 14),
(280, 'Burgenland', 14),
(281, 'Carinthia', 14),
(282, 'Karnten', 14),
(283, 'Liezen', 14),
(284, 'Lower Austria', 14),
(285, 'Niederosterreich', 14),
(286, 'Oberosterreich', 14),
(287, 'Salzburg', 14),
(288, 'Schleswig-Holstein', 14),
(289, 'Steiermark', 14),
(290, 'Styria', 14),
(291, 'Tirol', 14),
(292, 'Upper Austria', 14),
(293, 'Vorarlberg', 14),
(294, 'Wien', 14),
(295, 'Abseron', 15),
(296, 'Baki Sahari', 15),
(297, 'Ganca', 15),
(298, 'Ganja', 15),
(299, 'Kalbacar', 15),
(300, 'Lankaran', 15),
(301, 'Mil-Qarabax', 15),
(302, 'Mugan-Salyan', 15),
(303, 'Nagorni-Qarabax', 15),
(304, 'Naxcivan', 15),
(305, 'Priaraks', 15),
(306, 'Qazax', 15),
(307, 'Saki', 15),
(308, 'Sirvan', 15),
(309, 'Xacmaz', 15),
(310, 'Abaco', 16),
(311, 'Acklins Island', 16),
(312, 'Andros', 16),
(313, 'Berry Islands', 16),
(314, 'Biminis', 16),
(315, 'Cat Island', 16),
(316, 'Crooked Island', 16),
(317, 'Eleuthera', 16),
(318, 'Exuma and Cays', 16),
(319, 'Grand Bahama', 16),
(320, 'Inagua Islands', 16),
(321, 'Long Island', 16),
(322, 'Mayaguana', 16),
(323, 'New Providence', 16),
(324, 'Ragged Island', 16),
(325, 'Rum Cay', 16),
(326, 'San Salvador', 16),
(327, '\'Isa', 17),
(328, 'Badiyah', 17),
(329, 'Hidd', 17),
(330, 'Jidd Hafs', 17),
(331, 'Mahama', 17),
(332, 'Manama', 17),
(333, 'Sitrah', 17),
(334, 'al-Manamah', 17),
(335, 'al-Muharraq', 17),
(336, 'ar-Rifa\'a', 17),
(337, 'Bagar Hat', 18),
(338, 'Bandarban', 18),
(339, 'Barguna', 18),
(340, 'Barisal', 18),
(341, 'Bhola', 18),
(342, 'Bogora', 18),
(343, 'Brahman Bariya', 18),
(344, 'Chandpur', 18),
(345, 'Chattagam', 18),
(346, 'Chittagong Division', 18),
(347, 'Chuadanga', 18),
(348, 'Dhaka', 18),
(349, 'Dinajpur', 18),
(350, 'Faridpur', 18),
(351, 'Feni', 18),
(352, 'Gaybanda', 18),
(353, 'Gazipur', 18),
(354, 'Gopalganj', 18),
(355, 'Habiganj', 18),
(356, 'Jaipur Hat', 18),
(357, 'Jamalpur', 18),
(358, 'Jessor', 18),
(359, 'Jhalakati', 18),
(360, 'Jhanaydah', 18),
(361, 'Khagrachhari', 18),
(362, 'Khulna', 18),
(363, 'Kishorganj', 18),
(364, 'Koks Bazar', 18),
(365, 'Komilla', 18),
(366, 'Kurigram', 18),
(367, 'Kushtiya', 18),
(368, 'Lakshmipur', 18),
(369, 'Lalmanir Hat', 18),
(370, 'Madaripur', 18),
(371, 'Magura', 18),
(372, 'Maimansingh', 18),
(373, 'Manikganj', 18),
(374, 'Maulvi Bazar', 18),
(375, 'Meherpur', 18),
(376, 'Munshiganj', 18),
(377, 'Naral', 18),
(378, 'Narayanganj', 18),
(379, 'Narsingdi', 18),
(380, 'Nator', 18),
(381, 'Naugaon', 18),
(382, 'Nawabganj', 18),
(383, 'Netrakona', 18),
(384, 'Nilphamari', 18),
(385, 'Noakhali', 18),
(386, 'Pabna', 18),
(387, 'Panchagarh', 18),
(388, 'Patuakhali', 18),
(389, 'Pirojpur', 18),
(390, 'Rajbari', 18),
(391, 'Rajshahi', 18),
(392, 'Rangamati', 18),
(393, 'Rangpur', 18),
(394, 'Satkhira', 18),
(395, 'Shariatpur', 18),
(396, 'Sherpur', 18),
(397, 'Silhat', 18),
(398, 'Sirajganj', 18),
(399, 'Sunamganj', 18),
(400, 'Tangayal', 18),
(401, 'Thakurgaon', 18),
(402, 'Christ Church', 19),
(403, 'Saint Andrew', 19),
(404, 'Saint George', 19),
(405, 'Saint James', 19),
(406, 'Saint John', 19),
(407, 'Saint Joseph', 19),
(408, 'Saint Lucy', 19),
(409, 'Saint Michael', 19),
(410, 'Saint Peter', 19),
(411, 'Saint Philip', 19),
(412, 'Saint Thomas', 19),
(413, 'Brest', 20),
(414, 'Homjel\'', 20),
(415, 'Hrodna', 20),
(416, 'Mahiljow', 20),
(417, 'Mahilyowskaya Voblasts', 20),
(418, 'Minsk', 20),
(419, 'Minskaja Voblasts\'', 20),
(420, 'Petrik', 20),
(421, 'Vicebsk', 20),
(422, 'Antwerpen', 21),
(423, 'Berchem', 21),
(424, 'Brabant', 21),
(425, 'Brabant Wallon', 21),
(426, 'Brussel', 21),
(427, 'East Flanders', 21),
(428, 'Hainaut', 21),
(429, 'Liege', 21),
(430, 'Limburg', 21),
(431, 'Luxembourg', 21),
(432, 'Namur', 21),
(433, 'Ontario', 21),
(434, 'Oost-Vlaanderen', 21),
(435, 'Provincie Brabant', 21),
(436, 'Vlaams-Brabant', 21),
(437, 'Wallonne', 21),
(438, 'West-Vlaanderen', 21),
(439, 'Belize', 22),
(440, 'Cayo', 22),
(441, 'Corozal', 22),
(442, 'Orange Walk', 22),
(443, 'Stann Creek', 22),
(444, 'Toledo', 22),
(445, 'Alibori', 23),
(446, 'Atacora', 23),
(447, 'Atlantique', 23),
(448, 'Borgou', 23),
(449, 'Collines', 23),
(450, 'Couffo', 23),
(451, 'Donga', 23),
(452, 'Littoral', 23),
(453, 'Mono', 23),
(454, 'Oueme', 23),
(455, 'Plateau', 23),
(456, 'Zou', 23),
(457, 'Hamilton', 24),
(458, 'Saint George', 24),
(459, 'Bumthang', 25),
(460, 'Chhukha', 25),
(461, 'Chirang', 25),
(462, 'Daga', 25),
(463, 'Geylegphug', 25),
(464, 'Ha', 25),
(465, 'Lhuntshi', 25),
(466, 'Mongar', 25),
(467, 'Pemagatsel', 25),
(468, 'Punakha', 25),
(469, 'Rinpung', 25),
(470, 'Samchi', 25),
(471, 'Samdrup Jongkhar', 25),
(472, 'Shemgang', 25),
(473, 'Tashigang', 25),
(474, 'Timphu', 25),
(475, 'Tongsa', 25),
(476, 'Wangdiphodrang', 25),
(477, 'Beni', 26),
(478, 'Chuquisaca', 26),
(479, 'Cochabamba', 26),
(480, 'La Paz', 26),
(481, 'Oruro', 26),
(482, 'Pando', 26),
(483, 'Potosi', 26),
(484, 'Santa Cruz', 26),
(485, 'Tarija', 26),
(486, 'Federacija Bosna i Hercegovina', 27),
(487, 'Republika Srpska', 27),
(488, 'Central Bobonong', 28),
(489, 'Central Boteti', 28),
(490, 'Central Mahalapye', 28),
(491, 'Central Serowe-Palapye', 28),
(492, 'Central Tutume', 28),
(493, 'Chobe', 28),
(494, 'Francistown', 28),
(495, 'Gaborone', 28),
(496, 'Ghanzi', 28),
(497, 'Jwaneng', 28),
(498, 'Kgalagadi North', 28),
(499, 'Kgalagadi South', 28),
(500, 'Kgatleng', 28),
(501, 'Kweneng', 28),
(502, 'Lobatse', 28),
(503, 'Ngamiland', 28),
(504, 'Ngwaketse', 28),
(505, 'North East', 28),
(506, 'Okavango', 28),
(507, 'Orapa', 28),
(508, 'Selibe Phikwe', 28),
(509, 'South East', 28),
(510, 'Sowa', 28),
(511, 'Bouvet Island', 29),
(512, 'Acre', 30),
(513, 'Alagoas', 30),
(514, 'Amapa', 30),
(515, 'Amazonas', 30),
(516, 'Bahia', 30),
(517, 'Ceara', 30),
(518, 'Distrito Federal', 30),
(519, 'Espirito Santo', 30),
(520, 'Estado de Sao Paulo', 30),
(521, 'Goias', 30),
(522, 'Maranhao', 30),
(523, 'Mato Grosso', 30),
(524, 'Mato Grosso do Sul', 30),
(525, 'Minas Gerais', 30),
(526, 'Para', 30),
(527, 'Paraiba', 30),
(528, 'Parana', 30),
(529, 'Pernambuco', 30),
(530, 'Piaui', 30),
(531, 'Rio Grande do Norte', 30),
(532, 'Rio Grande do Sul', 30),
(533, 'Rio de Janeiro', 30),
(534, 'Rondonia', 30),
(535, 'Roraima', 30),
(536, 'Santa Catarina', 30),
(537, 'Sao Paulo', 30),
(538, 'Sergipe', 30),
(539, 'Tocantins', 30),
(540, 'British Indian Ocean Territory', 31),
(541, 'Belait', 32),
(542, 'Brunei-Muara', 32),
(543, 'Temburong', 32),
(544, 'Tutong', 32),
(545, 'Blagoevgrad', 33),
(546, 'Burgas', 33),
(547, 'Dobrich', 33),
(548, 'Gabrovo', 33),
(549, 'Haskovo', 33),
(550, 'Jambol', 33),
(551, 'Kardzhali', 33),
(552, 'Kjustendil', 33),
(553, 'Lovech', 33),
(554, 'Montana', 33),
(555, 'Oblast Sofiya-Grad', 33),
(556, 'Pazardzhik', 33),
(557, 'Pernik', 33),
(558, 'Pleven', 33),
(559, 'Plovdiv', 33),
(560, 'Razgrad', 33),
(561, 'Ruse', 33),
(562, 'Shumen', 33),
(563, 'Silistra', 33),
(564, 'Sliven', 33),
(565, 'Smoljan', 33),
(566, 'Sofija grad', 33),
(567, 'Sofijska oblast', 33),
(568, 'Stara Zagora', 33),
(569, 'Targovishte', 33),
(570, 'Varna', 33),
(571, 'Veliko Tarnovo', 33),
(572, 'Vidin', 33),
(573, 'Vraca', 33),
(574, 'Yablaniza', 33),
(575, 'Bale', 34),
(576, 'Bam', 34),
(577, 'Bazega', 34),
(578, 'Bougouriba', 34),
(579, 'Boulgou', 34),
(580, 'Boulkiemde', 34),
(581, 'Comoe', 34),
(582, 'Ganzourgou', 34),
(583, 'Gnagna', 34),
(584, 'Gourma', 34),
(585, 'Houet', 34),
(586, 'Ioba', 34),
(587, 'Kadiogo', 34),
(588, 'Kenedougou', 34),
(589, 'Komandjari', 34),
(590, 'Kompienga', 34),
(591, 'Kossi', 34),
(592, 'Kouritenga', 34),
(593, 'Kourweogo', 34),
(594, 'Leraba', 34),
(595, 'Mouhoun', 34),
(596, 'Nahouri', 34),
(597, 'Namentenga', 34),
(598, 'Noumbiel', 34),
(599, 'Oubritenga', 34),
(600, 'Oudalan', 34),
(601, 'Passore', 34),
(602, 'Poni', 34),
(603, 'Sanguie', 34),
(604, 'Sanmatenga', 34),
(605, 'Seno', 34),
(606, 'Sissili', 34),
(607, 'Soum', 34),
(608, 'Sourou', 34),
(609, 'Tapoa', 34),
(610, 'Tuy', 34),
(611, 'Yatenga', 34),
(612, 'Zondoma', 34),
(613, 'Zoundweogo', 34),
(614, 'Bubanza', 35),
(615, 'Bujumbura', 35),
(616, 'Bururi', 35),
(617, 'Cankuzo', 35),
(618, 'Cibitoke', 35),
(619, 'Gitega', 35),
(620, 'Karuzi', 35),
(621, 'Kayanza', 35),
(622, 'Kirundo', 35),
(623, 'Makamba', 35),
(624, 'Muramvya', 35),
(625, 'Muyinga', 35),
(626, 'Ngozi', 35),
(627, 'Rutana', 35),
(628, 'Ruyigi', 35),
(629, 'Banteay Mean Chey', 36),
(630, 'Bat Dambang', 36),
(631, 'Kampong Cham', 36),
(632, 'Kampong Chhnang', 36),
(633, 'Kampong Spoeu', 36),
(634, 'Kampong Thum', 36),
(635, 'Kampot', 36),
(636, 'Kandal', 36),
(637, 'Kaoh Kong', 36),
(638, 'Kracheh', 36),
(639, 'Krong Kaeb', 36),
(640, 'Krong Pailin', 36),
(641, 'Krong Preah Sihanouk', 36),
(642, 'Mondol Kiri', 36),
(643, 'Otdar Mean Chey', 36),
(644, 'Phnum Penh', 36),
(645, 'Pousat', 36),
(646, 'Preah Vihear', 36),
(647, 'Prey Veaeng', 36),
(648, 'Rotanak Kiri', 36),
(649, 'Siem Reab', 36),
(650, 'Stueng Traeng', 36),
(651, 'Svay Rieng', 36),
(652, 'Takaev', 36),
(653, 'Adamaoua', 37),
(654, 'Centre', 37),
(655, 'Est', 37),
(656, 'Littoral', 37),
(657, 'Nord', 37),
(658, 'Nord Extreme', 37),
(659, 'Nordouest', 37),
(660, 'Ouest', 37),
(661, 'Sud', 37),
(662, 'Sudouest', 37),
(663, 'Alberta', 38),
(664, 'British Columbia', 38),
(665, 'Manitoba', 38),
(666, 'New Brunswick', 38),
(667, 'Newfoundland and Labrador', 38),
(668, 'Northwest Territories', 38),
(669, 'Nova Scotia', 38),
(670, 'Nunavut', 38),
(671, 'Ontario', 38),
(672, 'Prince Edward Island', 38),
(673, 'Quebec', 38),
(674, 'Saskatchewan', 38),
(675, 'Yukon', 38),
(676, 'Boavista', 39),
(677, 'Brava', 39),
(678, 'Fogo', 39),
(679, 'Maio', 39),
(680, 'Sal', 39),
(681, 'Santo Antao', 39),
(682, 'Sao Nicolau', 39),
(683, 'Sao Tiago', 39),
(684, 'Sao Vicente', 39),
(685, 'Grand Cayman', 40),
(686, 'Bamingui-Bangoran', 41),
(687, 'Bangui', 41),
(688, 'Basse-Kotto', 41),
(689, 'Haut-Mbomou', 41),
(690, 'Haute-Kotto', 41),
(691, 'Kemo', 41),
(692, 'Lobaye', 41),
(693, 'Mambere-Kadei', 41),
(694, 'Mbomou', 41),
(695, 'Nana-Gribizi', 41),
(696, 'Nana-Mambere', 41),
(697, 'Ombella Mpoko', 41),
(698, 'Ouaka', 41),
(699, 'Ouham', 41),
(700, 'Ouham-Pende', 41),
(701, 'Sangha-Mbaere', 41),
(702, 'Vakaga', 41),
(703, 'Batha', 42),
(704, 'Biltine', 42),
(705, 'Bourkou-Ennedi-Tibesti', 42),
(706, 'Chari-Baguirmi', 42),
(707, 'Guera', 42),
(708, 'Kanem', 42),
(709, 'Lac', 42),
(710, 'Logone Occidental', 42),
(711, 'Logone Oriental', 42),
(712, 'Mayo-Kebbi', 42),
(713, 'Moyen-Chari', 42),
(714, 'Ouaddai', 42),
(715, 'Salamat', 42),
(716, 'Tandjile', 42),
(717, 'Aisen', 43),
(718, 'Antofagasta', 43),
(719, 'Araucania', 43),
(720, 'Atacama', 43),
(721, 'Bio Bio', 43),
(722, 'Coquimbo', 43),
(723, 'Libertador General Bernardo O\'', 43),
(724, 'Los Lagos', 43),
(725, 'Magellanes', 43),
(726, 'Maule', 43),
(727, 'Metropolitana', 43),
(728, 'Metropolitana de Santiago', 43),
(729, 'Tarapaca', 43),
(730, 'Valparaiso', 43),
(731, 'Anhui', 44),
(734, 'Aomen', 44),
(735, 'Beijing', 44),
(736, 'Beijing Shi', 44),
(737, 'Chongqing', 44),
(738, 'Fujian', 44),
(740, 'Gansu', 44),
(741, 'Guangdong', 44),
(743, 'Guangxi', 44),
(744, 'Guizhou', 44),
(745, 'Hainan', 44),
(746, 'Hebei', 44),
(747, 'Heilongjiang', 44),
(748, 'Henan', 44),
(749, 'Hubei', 44),
(750, 'Hunan', 44),
(751, 'Jiangsu', 44),
(753, 'Jiangxi', 44),
(754, 'Jilin', 44),
(755, 'Liaoning', 44),
(757, 'Nei Monggol', 44),
(758, 'Ningxia Hui', 44),
(759, 'Qinghai', 44),
(760, 'Shaanxi', 44),
(761, 'Shandong', 44),
(763, 'Shanghai', 44),
(764, 'Shanxi', 44),
(765, 'Sichuan', 44),
(766, 'Tianjin', 44),
(767, 'Xianggang', 44),
(768, 'Xinjiang', 44),
(769, 'Xizang', 44),
(770, 'Yunnan', 44),
(771, 'Zhejiang', 44),
(773, 'Christmas Island', 45),
(774, 'Cocos (Keeling) Islands', 46),
(775, 'Amazonas', 47),
(776, 'Antioquia', 47),
(777, 'Arauca', 47),
(778, 'Atlantico', 47),
(779, 'Bogota', 47),
(780, 'Bolivar', 47),
(781, 'Boyaca', 47),
(782, 'Caldas', 47),
(783, 'Caqueta', 47),
(784, 'Casanare', 47),
(785, 'Cauca', 47),
(786, 'Cesar', 47),
(787, 'Choco', 47),
(788, 'Cordoba', 47),
(789, 'Cundinamarca', 47),
(790, 'Guainia', 47),
(791, 'Guaviare', 47),
(792, 'Huila', 47),
(793, 'La Guajira', 47),
(794, 'Magdalena', 47),
(795, 'Meta', 47),
(796, 'Narino', 47),
(797, 'Norte de Santander', 47),
(798, 'Putumayo', 47),
(799, 'Quindio', 47),
(800, 'Risaralda', 47),
(801, 'San Andres y Providencia', 47),
(802, 'Santander', 47),
(803, 'Sucre', 47),
(804, 'Tolima', 47),
(805, 'Valle del Cauca', 47),
(806, 'Vaupes', 47),
(807, 'Vichada', 47),
(808, 'Mwali', 48),
(809, 'Njazidja', 48),
(810, 'Nzwani', 48),
(811, 'Bouenza', 49),
(812, 'Brazzaville', 49),
(813, 'Cuvette', 49),
(814, 'Kouilou', 49),
(815, 'Lekoumou', 49),
(816, 'Likouala', 49),
(817, 'Niari', 49),
(818, 'Plateaux', 49),
(819, 'Pool', 49),
(820, 'Sangha', 49),
(821, 'Bandundu', 50),
(822, 'Bas-Congo', 50),
(823, 'Equateur', 50),
(824, 'Haut-Congo', 50),
(825, 'Kasai-Occidental', 50),
(826, 'Kasai-Oriental', 50),
(827, 'Katanga', 50),
(828, 'Kinshasa', 50),
(829, 'Maniema', 50),
(830, 'Nord-Kivu', 50),
(831, 'Sud-Kivu', 50),
(832, 'Aitutaki', 51),
(833, 'Atiu', 51),
(834, 'Mangaia', 51),
(835, 'Manihiki', 51),
(836, 'Mauke', 51),
(837, 'Mitiaro', 51),
(838, 'Nassau', 51),
(839, 'Pukapuka', 51),
(840, 'Rakahanga', 51),
(841, 'Rarotonga', 51),
(842, 'Tongareva', 51),
(843, 'Alajuela', 52),
(844, 'Cartago', 52),
(845, 'Guanacaste', 52),
(846, 'Heredia', 52),
(847, 'Limon', 52),
(848, 'Puntarenas', 52),
(849, 'San Jose', 52),
(850, 'Abidjan', 53),
(851, 'Agneby', 53),
(852, 'Bafing', 53),
(853, 'Denguele', 53),
(854, 'Dix-huit Montagnes', 53),
(855, 'Fromager', 53),
(856, 'Haut-Sassandra', 53),
(857, 'Lacs', 53),
(858, 'Lagunes', 53),
(859, 'Marahoue', 53),
(860, 'Moyen-Cavally', 53),
(861, 'Moyen-Comoe', 53),
(862, 'N\'zi-Comoe', 53),
(863, 'Sassandra', 53),
(864, 'Savanes', 53),
(865, 'Sud-Bandama', 53),
(866, 'Sud-Comoe', 53),
(867, 'Vallee du Bandama', 53),
(868, 'Worodougou', 53),
(869, 'Zanzan', 53),
(870, 'Bjelovar-Bilogora', 54),
(871, 'Dubrovnik-Neretva', 54),
(872, 'Grad Zagreb', 54),
(873, 'Istra', 54),
(874, 'Karlovac', 54),
(875, 'Koprivnica-Krizhevci', 54),
(876, 'Krapina-Zagorje', 54),
(877, 'Lika-Senj', 54),
(878, 'Medhimurje', 54),
(879, 'Medimurska Zupanija', 54),
(880, 'Osijek-Baranja', 54),
(881, 'Osjecko-Baranjska Zupanija', 54),
(882, 'Pozhega-Slavonija', 54),
(883, 'Primorje-Gorski Kotar', 54),
(884, 'Shibenik-Knin', 54),
(885, 'Sisak-Moslavina', 54),
(886, 'Slavonski Brod-Posavina', 54),
(887, 'Split-Dalmacija', 54),
(888, 'Varazhdin', 54),
(889, 'Virovitica-Podravina', 54),
(890, 'Vukovar-Srijem', 54),
(891, 'Zadar', 54),
(892, 'Zagreb', 54),
(893, 'Camaguey', 55),
(894, 'Ciego de Avila', 55),
(895, 'Cienfuegos', 55),
(896, 'Ciudad de la Habana', 55),
(897, 'Granma', 55),
(898, 'Guantanamo', 55),
(899, 'Habana', 55),
(900, 'Holguin', 55),
(901, 'Isla de la Juventud', 55),
(902, 'La Habana', 55),
(903, 'Las Tunas', 55),
(904, 'Matanzas', 55),
(905, 'Pinar del Rio', 55),
(906, 'Sancti Spiritus', 55),
(907, 'Santiago de Cuba', 55),
(908, 'Villa Clara', 55),
(909, 'Government controlled area', 56),
(910, 'Limassol', 56),
(911, 'Nicosia District', 56),
(912, 'Paphos', 56),
(913, 'Turkish controlled area', 56),
(914, 'Central Bohemian', 57),
(915, 'Frycovice', 57),
(916, 'Jihocesky Kraj', 57),
(917, 'Jihochesky', 57),
(918, 'Jihomoravsky', 57),
(919, 'Karlovarsky', 57),
(920, 'Klecany', 57),
(921, 'Kralovehradecky', 57),
(922, 'Liberecky', 57),
(923, 'Lipov', 57),
(924, 'Moravskoslezsky', 57),
(925, 'Olomoucky', 57),
(926, 'Olomoucky Kraj', 57),
(927, 'Pardubicky', 57),
(928, 'Plzensky', 57),
(929, 'Praha', 57),
(930, 'Rajhrad', 57),
(931, 'Smirice', 57),
(932, 'South Moravian', 57),
(933, 'Straz nad Nisou', 57),
(934, 'Stredochesky', 57),
(935, 'Unicov', 57),
(936, 'Ustecky', 57),
(937, 'Valletta', 57),
(938, 'Velesin', 57),
(939, 'Vysochina', 57),
(940, 'Zlinsky', 57),
(941, 'Arhus', 58),
(942, 'Bornholm', 58),
(943, 'Frederiksborg', 58),
(944, 'Fyn', 58),
(945, 'Hovedstaden', 58),
(946, 'Kobenhavn', 58),
(947, 'Kobenhavns Amt', 58),
(948, 'Kobenhavns Kommune', 58),
(949, 'Nordjylland', 58),
(950, 'Ribe', 58),
(951, 'Ringkobing', 58),
(952, 'Roervig', 58),
(953, 'Roskilde', 58),
(954, 'Roslev', 58),
(955, 'Sjaelland', 58),
(956, 'Soeborg', 58),
(957, 'Sonderjylland', 58),
(958, 'Storstrom', 58),
(959, 'Syddanmark', 58),
(960, 'Toelloese', 58),
(961, 'Vejle', 58),
(962, 'Vestsjalland', 58),
(963, 'Viborg', 58),
(964, '\'Ali Sabih', 59),
(965, 'Dikhil', 59),
(966, 'Jibuti', 59),
(967, 'Tajurah', 59),
(968, 'Ubuk', 59),
(969, 'Saint Andrew', 60),
(970, 'Saint David', 60),
(971, 'Saint George', 60),
(972, 'Saint John', 60),
(973, 'Saint Joseph', 60),
(974, 'Saint Luke', 60),
(975, 'Saint Mark', 60),
(976, 'Saint Patrick', 60),
(977, 'Saint Paul', 60),
(978, 'Saint Peter', 60),
(979, 'Azua', 61),
(980, 'Bahoruco', 61),
(981, 'Barahona', 61),
(982, 'Dajabon', 61),
(983, 'Distrito Nacional', 61),
(984, 'Duarte', 61),
(985, 'El Seybo', 61),
(986, 'Elias Pina', 61),
(987, 'Espaillat', 61),
(988, 'Hato Mayor', 61),
(989, 'Independencia', 61),
(990, 'La Altagracia', 61),
(991, 'La Romana', 61),
(992, 'La Vega', 61),
(993, 'Maria Trinidad Sanchez', 61),
(994, 'Monsenor Nouel', 61),
(995, 'Monte Cristi', 61),
(996, 'Monte Plata', 61),
(997, 'Pedernales', 61),
(998, 'Peravia', 61),
(999, 'Puerto Plata', 61),
(1000, 'Salcedo', 61),
(1001, 'Samana', 61),
(1002, 'San Cristobal', 61),
(1003, 'San Juan', 61),
(1004, 'San Pedro de Macoris', 61),
(1005, 'Sanchez Ramirez', 61),
(1006, 'Santiago', 61),
(1007, 'Santiago Rodriguez', 61),
(1008, 'Valverde', 61),
(1009, 'Aileu', 62),
(1010, 'Ainaro', 62),
(1011, 'Ambeno', 62),
(1012, 'Baucau', 62),
(1013, 'Bobonaro', 62),
(1014, 'Cova Lima', 62),
(1015, 'Dili', 62),
(1016, 'Ermera', 62),
(1017, 'Lautem', 62),
(1018, 'Liquica', 62),
(1019, 'Manatuto', 62),
(1020, 'Manufahi', 62),
(1021, 'Viqueque', 62),
(1022, 'Azuay', 63),
(1023, 'Bolivar', 63),
(1024, 'Canar', 63),
(1025, 'Carchi', 63),
(1026, 'Chimborazo', 63),
(1027, 'Cotopaxi', 63),
(1028, 'El Oro', 63),
(1029, 'Esmeraldas', 63),
(1030, 'Galapagos', 63),
(1031, 'Guayas', 63),
(1032, 'Imbabura', 63),
(1033, 'Loja', 63),
(1034, 'Los Rios', 63),
(1035, 'Manabi', 63),
(1036, 'Morona Santiago', 63),
(1037, 'Napo', 63),
(1038, 'Orellana', 63),
(1039, 'Pastaza', 63),
(1040, 'Pichincha', 63),
(1041, 'Sucumbios', 63),
(1042, 'Tungurahua', 63),
(1043, 'Zamora Chinchipe', 63),
(1044, 'Aswan', 64),
(1045, 'Asyut', 64),
(1046, 'Bani Suwayf', 64),
(1047, 'Bur Sa\'id', 64),
(1048, 'Cairo', 64),
(1049, 'Dumyat', 64),
(1050, 'Kafr-ash-Shaykh', 64),
(1051, 'Matruh', 64),
(1052, 'Muhafazat ad Daqahliyah', 64),
(1053, 'Muhafazat al Fayyum', 64),
(1054, 'Muhafazat al Gharbiyah', 64),
(1055, 'Muhafazat al Iskandariyah', 64),
(1056, 'Muhafazat al Qahirah', 64),
(1057, 'Qina', 64),
(1058, 'Sawhaj', 64),
(1059, 'Sina al-Janubiyah', 64),
(1060, 'Sina ash-Shamaliyah', 64),
(1061, 'ad-Daqahliyah', 64),
(1062, 'al-Bahr-al-Ahmar', 64),
(1063, 'al-Buhayrah', 64),
(1064, 'al-Fayyum', 64),
(1065, 'al-Gharbiyah', 64),
(1066, 'al-Iskandariyah', 64),
(1067, 'al-Ismailiyah', 64),
(1068, 'al-Jizah', 64),
(1069, 'al-Minufiyah', 64),
(1070, 'al-Minya', 64),
(1071, 'al-Qahira', 64),
(1072, 'al-Qalyubiyah', 64),
(1073, 'al-Uqsur', 64),
(1074, 'al-Wadi al-Jadid', 64),
(1075, 'as-Suways', 64),
(1076, 'ash-Sharqiyah', 64),
(1077, 'Ahuachapan', 65),
(1078, 'Cabanas', 65),
(1079, 'Chalatenango', 65),
(1080, 'Cuscatlan', 65),
(1081, 'La Libertad', 65),
(1082, 'La Paz', 65),
(1083, 'La Union', 65),
(1084, 'Morazan', 65),
(1085, 'San Miguel', 65),
(1086, 'San Salvador', 65),
(1087, 'San Vicente', 65),
(1088, 'Santa Ana', 65),
(1089, 'Sonsonate', 65),
(1090, 'Usulutan', 65),
(1091, 'Annobon', 66),
(1092, 'Bioko Norte', 66),
(1093, 'Bioko Sur', 66),
(1094, 'Centro Sur', 66),
(1095, 'Kie-Ntem', 66),
(1096, 'Litoral', 66),
(1097, 'Wele-Nzas', 66),
(1098, 'Anseba', 67),
(1099, 'Debub', 67),
(1100, 'Debub-Keih-Bahri', 67),
(1101, 'Gash-Barka', 67),
(1102, 'Maekel', 67),
(1103, 'Semien-Keih-Bahri', 67),
(1104, 'Harju', 68),
(1105, 'Hiiu', 68),
(1106, 'Ida-Viru', 68),
(1107, 'Jarva', 68),
(1108, 'Jogeva', 68),
(1109, 'Laane', 68),
(1110, 'Laane-Viru', 68),
(1111, 'Parnu', 68),
(1112, 'Polva', 68),
(1113, 'Rapla', 68),
(1114, 'Saare', 68),
(1115, 'Tartu', 68),
(1116, 'Valga', 68),
(1117, 'Viljandi', 68),
(1118, 'Voru', 68),
(1119, 'Addis Abeba', 69),
(1120, 'Afar', 69),
(1121, 'Amhara', 69),
(1122, 'Benishangul', 69),
(1123, 'Diredawa', 69),
(1124, 'Gambella', 69),
(1125, 'Harar', 69),
(1126, 'Jigjiga', 69),
(1127, 'Mekele', 69),
(1128, 'Oromia', 69),
(1129, 'Somali', 69),
(1130, 'Southern', 69),
(1131, 'Tigray', 69),
(1132, 'Christmas Island', 70),
(1133, 'Cocos Islands', 70),
(1134, 'Coral Sea Islands', 70),
(1135, 'Falkland Islands', 71),
(1136, 'South Georgia', 71),
(1137, 'Klaksvik', 72),
(1138, 'Nor ara Eysturoy', 72),
(1139, 'Nor oy', 72),
(1140, 'Sandoy', 72),
(1141, 'Streymoy', 72),
(1142, 'Su uroy', 72),
(1143, 'Sy ra Eysturoy', 72),
(1144, 'Torshavn', 72),
(1145, 'Vaga', 72),
(1146, 'Central', 73),
(1147, 'Eastern', 73),
(1148, 'Northern', 73),
(1149, 'South Pacific', 73),
(1150, 'Western', 73),
(1151, 'Ahvenanmaa', 74),
(1152, 'Etela-Karjala', 74),
(1153, 'Etela-Pohjanmaa', 74),
(1154, 'Etela-Savo', 74),
(1155, 'Etela-Suomen Laani', 74),
(1156, 'Ita-Suomen Laani', 74),
(1157, 'Ita-Uusimaa', 74),
(1158, 'Kainuu', 74),
(1159, 'Kanta-Hame', 74),
(1160, 'Keski-Pohjanmaa', 74),
(1161, 'Keski-Suomi', 74),
(1162, 'Kymenlaakso', 74),
(1163, 'Lansi-Suomen Laani', 74),
(1164, 'Lappi', 74),
(1165, 'Northern Savonia', 74),
(1166, 'Ostrobothnia', 74),
(1167, 'Oulun Laani', 74),
(1168, 'Paijat-Hame', 74),
(1169, 'Pirkanmaa', 74),
(1170, 'Pohjanmaa', 74),
(1171, 'Pohjois-Karjala', 74),
(1172, 'Pohjois-Pohjanmaa', 74),
(1173, 'Pohjois-Savo', 74),
(1174, 'Saarijarvi', 74),
(1175, 'Satakunta', 74),
(1176, 'Southern Savonia', 74),
(1177, 'Tavastia Proper', 74),
(1178, 'Uleaborgs Lan', 74),
(1179, 'Uusimaa', 74),
(1180, 'Varsinais-Suomi', 74),
(1181, 'Ain', 75),
(1182, 'Aisne', 75),
(1183, 'Albi Le Sequestre', 75),
(1184, 'Allier', 75),
(1185, 'Alpes-Cote dAzur', 75),
(1186, 'Alpes-Maritimes', 75),
(1187, 'Alpes-de-Haute-Provence', 75),
(1188, 'Alsace', 75),
(1189, 'Aquitaine', 75),
(1190, 'Ardeche', 75),
(1191, 'Ardennes', 75),
(1192, 'Ariege', 75),
(1193, 'Aube', 75),
(1194, 'Aude', 75),
(1195, 'Auvergne', 75),
(1196, 'Aveyron', 75),
(1197, 'Bas-Rhin', 75),
(1198, 'Basse-Normandie', 75),
(1199, 'Bouches-du-Rhone', 75),
(1200, 'Bourgogne', 75),
(1201, 'Bretagne', 75),
(1202, 'Brittany', 75),
(1203, 'Burgundy', 75),
(1204, 'Calvados', 75),
(1205, 'Cantal', 75),
(1206, 'Cedex', 75),
(1207, 'Centre', 75),
(1208, 'Charente', 75),
(1209, 'Charente-Maritime', 75),
(1210, 'Cher', 75),
(1211, 'Correze', 75),
(1212, 'Corse-du-Sud', 75),
(1213, 'Cote-d\'Or', 75),
(1214, 'Cotes-d\'Armor', 75),
(1215, 'Creuse', 75),
(1216, 'Crolles', 75),
(1217, 'Deux-Sevres', 75),
(1218, 'Dordogne', 75),
(1219, 'Doubs', 75),
(1220, 'Drome', 75),
(1221, 'Essonne', 75),
(1222, 'Eure', 75),
(1223, 'Eure-et-Loir', 75),
(1224, 'Feucherolles', 75),
(1225, 'Finistere', 75),
(1226, 'Franche-Comte', 75),
(1227, 'Gard', 75),
(1228, 'Gers', 75),
(1229, 'Gironde', 75),
(1230, 'Haut-Rhin', 75),
(1231, 'Haute-Corse', 75),
(1232, 'Haute-Garonne', 75),
(1233, 'Haute-Loire', 75),
(1234, 'Haute-Marne', 75),
(1235, 'Haute-Saone', 75),
(1236, 'Haute-Savoie', 75),
(1237, 'Haute-Vienne', 75),
(1238, 'Hautes-Alpes', 75),
(1239, 'Hautes-Pyrenees', 75),
(1240, 'Hauts-de-Seine', 75),
(1241, 'Herault', 75),
(1242, 'Ile-de-France', 75),
(1243, 'Ille-et-Vilaine', 75),
(1244, 'Indre', 75),
(1245, 'Indre-et-Loire', 75),
(1246, 'Isere', 75),
(1247, 'Jura', 75),
(1248, 'Klagenfurt', 75),
(1249, 'Landes', 75),
(1250, 'Languedoc-Roussillon', 75),
(1251, 'Larcay', 75),
(1252, 'Le Castellet', 75),
(1253, 'Le Creusot', 75),
(1254, 'Limousin', 75),
(1255, 'Loir-et-Cher', 75),
(1256, 'Loire', 75),
(1257, 'Loire-Atlantique', 75),
(1258, 'Loiret', 75),
(1259, 'Lorraine', 75),
(1260, 'Lot', 75),
(1261, 'Lot-et-Garonne', 75),
(1262, 'Lower Normandy', 75),
(1263, 'Lozere', 75),
(1264, 'Maine-et-Loire', 75),
(1265, 'Manche', 75),
(1266, 'Marne', 75),
(1267, 'Mayenne', 75),
(1268, 'Meurthe-et-Moselle', 75),
(1269, 'Meuse', 75),
(1270, 'Midi-Pyrenees', 75),
(1271, 'Morbihan', 75),
(1272, 'Moselle', 75),
(1273, 'Nievre', 75),
(1274, 'Nord', 75),
(1275, 'Nord-Pas-de-Calais', 75),
(1276, 'Oise', 75),
(1277, 'Orne', 75),
(1278, 'Paris', 75),
(1279, 'Pas-de-Calais', 75),
(1280, 'Pays de la Loire', 75),
(1281, 'Pays-de-la-Loire', 75),
(1282, 'Picardy', 75),
(1283, 'Puy-de-Dome', 75),
(1284, 'Pyrenees-Atlantiques', 75),
(1285, 'Pyrenees-Orientales', 75),
(1286, 'Quelmes', 75),
(1287, 'Rhone', 75),
(1288, 'Rhone-Alpes', 75),
(1289, 'Saint Ouen', 75),
(1290, 'Saint Viatre', 75),
(1291, 'Saone-et-Loire', 75),
(1292, 'Sarthe', 75),
(1293, 'Savoie', 75),
(1294, 'Seine-Maritime', 75),
(1295, 'Seine-Saint-Denis', 75),
(1296, 'Seine-et-Marne', 75),
(1297, 'Somme', 75),
(1298, 'Sophia Antipolis', 75),
(1299, 'Souvans', 75),
(1300, 'Tarn', 75),
(1301, 'Tarn-et-Garonne', 75),
(1302, 'Territoire de Belfort', 75),
(1303, 'Treignac', 75),
(1304, 'Upper Normandy', 75),
(1305, 'Val-d\'Oise', 75),
(1306, 'Val-de-Marne', 75),
(1307, 'Var', 75),
(1308, 'Vaucluse', 75),
(1309, 'Vellise', 75),
(1310, 'Vendee', 75),
(1311, 'Vienne', 75),
(1312, 'Vosges', 75),
(1313, 'Yonne', 75),
(1314, 'Yvelines', 75),
(1315, 'Cayenne', 76),
(1316, 'Saint-Laurent-du-Maroni', 76),
(1317, 'Iles du Vent', 77),
(1318, 'Iles sous le Vent', 77),
(1319, 'Marquesas', 77),
(1320, 'Tuamotu', 77),
(1321, 'Tubuai', 77),
(1322, 'Amsterdam', 78),
(1323, 'Crozet Islands', 78),
(1324, 'Kerguelen', 78),
(1325, 'Estuaire', 79),
(1326, 'Haut-Ogooue', 79),
(1327, 'Moyen-Ogooue', 79),
(1328, 'Ngounie', 79),
(1329, 'Nyanga', 79),
(1330, 'Ogooue-Ivindo', 79),
(1331, 'Ogooue-Lolo', 79),
(1332, 'Ogooue-Maritime', 79),
(1333, 'Woleu-Ntem', 79),
(1334, 'Banjul', 80),
(1335, 'Basse', 80),
(1336, 'Brikama', 80),
(1337, 'Janjanbureh', 80),
(1338, 'Kanifing', 80),
(1339, 'Kerewan', 80),
(1340, 'Kuntaur', 80),
(1341, 'Mansakonko', 80),
(1342, 'Abhasia', 81),
(1343, 'Ajaria', 81),
(1344, 'Guria', 81),
(1345, 'Imereti', 81),
(1346, 'Kaheti', 81),
(1347, 'Kvemo Kartli', 81),
(1348, 'Mcheta-Mtianeti', 81),
(1349, 'Racha', 81),
(1350, 'Samagrelo-Zemo Svaneti', 81),
(1351, 'Samche-Zhavaheti', 81),
(1352, 'Shida Kartli', 81),
(1353, 'Tbilisi', 81),
(1354, 'Auvergne', 82),
(1355, 'Baden-Wurttemberg', 82),
(1356, 'Bavaria', 82),
(1357, 'Bayern', 82),
(1358, 'Beilstein Wurtt', 82),
(1359, 'Berlin', 82),
(1360, 'Brandenburg', 82),
(1361, 'Bremen', 82),
(1362, 'Dreisbach', 82),
(1363, 'Freistaat Bayern', 82),
(1364, 'Hamburg', 82),
(1365, 'Hannover', 82),
(1366, 'Heroldstatt', 82),
(1367, 'Hessen', 82),
(1368, 'Kortenberg', 82),
(1369, 'Laasdorf', 82),
(1370, 'Land Baden-Wurttemberg', 82),
(1371, 'Land Bayern', 82),
(1372, 'Land Brandenburg', 82),
(1373, 'Land Hessen', 82),
(1374, 'Land Mecklenburg-Vorpommern', 82),
(1375, 'Land Nordrhein-Westfalen', 82),
(1376, 'Land Rheinland-Pfalz', 82),
(1377, 'Land Sachsen', 82),
(1378, 'Land Sachsen-Anhalt', 82),
(1379, 'Land Thuringen', 82),
(1380, 'Lower Saxony', 82),
(1381, 'Mecklenburg-Vorpommern', 82),
(1382, 'Mulfingen', 82),
(1383, 'Munich', 82),
(1384, 'Neubeuern', 82),
(1385, 'Niedersachsen', 82),
(1386, 'Noord-Holland', 82),
(1387, 'Nordrhein-Westfalen', 82),
(1388, 'North Rhine-Westphalia', 82),
(1389, 'Osterode', 82),
(1390, 'Rheinland-Pfalz', 82),
(1391, 'Rhineland-Palatinate', 82),
(1392, 'Saarland', 82),
(1393, 'Sachsen', 82),
(1394, 'Sachsen-Anhalt', 82),
(1395, 'Saxony', 82),
(1396, 'Schleswig-Holstein', 82),
(1397, 'Thuringia', 82),
(1398, 'Webling', 82),
(1399, 'Weinstrabe', 82),
(1400, 'schlobborn', 82),
(1401, 'Ashanti', 83),
(1402, 'Brong-Ahafo', 83),
(1403, 'Central', 83),
(1404, 'Eastern', 83),
(1405, 'Greater Accra', 83),
(1406, 'Northern', 83),
(1407, 'Upper East', 83),
(1408, 'Upper West', 83),
(1409, 'Volta', 83),
(1410, 'Western', 83),
(1411, 'Gibraltar', 84),
(1412, 'Acharnes', 85),
(1413, 'Ahaia', 85),
(1414, 'Aitolia kai Akarnania', 85),
(1415, 'Argolis', 85),
(1416, 'Arkadia', 85),
(1417, 'Arta', 85),
(1418, 'Attica', 85),
(1419, 'Attiki', 85),
(1420, 'Ayion Oros', 85),
(1421, 'Crete', 85),
(1422, 'Dodekanisos', 85),
(1423, 'Drama', 85),
(1424, 'Evia', 85),
(1425, 'Evritania', 85),
(1426, 'Evros', 85),
(1427, 'Evvoia', 85),
(1428, 'Florina', 85),
(1429, 'Fokis', 85),
(1430, 'Fthiotis', 85),
(1431, 'Grevena', 85),
(1432, 'Halandri', 85),
(1433, 'Halkidiki', 85),
(1434, 'Hania', 85),
(1435, 'Heraklion', 85),
(1436, 'Hios', 85),
(1437, 'Ilia', 85),
(1438, 'Imathia', 85),
(1439, 'Ioannina', 85),
(1440, 'Iraklion', 85),
(1441, 'Karditsa', 85),
(1442, 'Kastoria', 85),
(1443, 'Kavala', 85),
(1444, 'Kefallinia', 85),
(1445, 'Kerkira', 85),
(1446, 'Kiklades', 85),
(1447, 'Kilkis', 85),
(1448, 'Korinthia', 85),
(1449, 'Kozani', 85),
(1450, 'Lakonia', 85),
(1451, 'Larisa', 85),
(1452, 'Lasithi', 85),
(1453, 'Lesvos', 85),
(1454, 'Levkas', 85),
(1455, 'Magnisia', 85),
(1456, 'Messinia', 85),
(1457, 'Nomos Attikis', 85),
(1458, 'Nomos Zakynthou', 85),
(1459, 'Pella', 85),
(1460, 'Pieria', 85),
(1461, 'Piraios', 85),
(1462, 'Preveza', 85),
(1463, 'Rethimni', 85),
(1464, 'Rodopi', 85),
(1465, 'Samos', 85),
(1466, 'Serrai', 85),
(1467, 'Thesprotia', 85),
(1468, 'Thessaloniki', 85),
(1469, 'Trikala', 85),
(1470, 'Voiotia', 85),
(1471, 'West Greece', 85),
(1472, 'Xanthi', 85),
(1473, 'Zakinthos', 85),
(1474, 'Aasiaat', 86),
(1475, 'Ammassalik', 86),
(1476, 'Illoqqortoormiut', 86),
(1477, 'Ilulissat', 86),
(1478, 'Ivittuut', 86),
(1479, 'Kangaatsiaq', 86),
(1480, 'Maniitsoq', 86),
(1481, 'Nanortalik', 86),
(1482, 'Narsaq', 86),
(1483, 'Nuuk', 86),
(1484, 'Paamiut', 86),
(1485, 'Qaanaaq', 86),
(1486, 'Qaqortoq', 86),
(1487, 'Qasigiannguit', 86),
(1488, 'Qeqertarsuaq', 86),
(1489, 'Sisimiut', 86),
(1490, 'Udenfor kommunal inddeling', 86),
(1491, 'Upernavik', 86),
(1492, 'Uummannaq', 86),
(1493, 'Carriacou-Petite Martinique', 87),
(1494, 'Saint Andrew', 87),
(1495, 'Saint Davids', 87),
(1496, 'Saint George\'s', 87),
(1497, 'Saint John', 87),
(1498, 'Saint Mark', 87),
(1499, 'Saint Patrick', 87),
(1500, 'Basse-Terre', 88),
(1501, 'Grande-Terre', 88),
(1502, 'Iles des Saintes', 88),
(1503, 'La Desirade', 88),
(1504, 'Marie-Galante', 88),
(1505, 'Saint Barthelemy', 88),
(1506, 'Saint Martin', 88),
(1507, 'Agana Heights', 89),
(1508, 'Agat', 89),
(1509, 'Barrigada', 89),
(1510, 'Chalan-Pago-Ordot', 89),
(1511, 'Dededo', 89),
(1512, 'Hagatna', 89),
(1513, 'Inarajan', 89),
(1514, 'Mangilao', 89),
(1515, 'Merizo', 89),
(1516, 'Mongmong-Toto-Maite', 89),
(1517, 'Santa Rita', 89),
(1518, 'Sinajana', 89),
(1519, 'Talofofo', 89),
(1520, 'Tamuning', 89),
(1521, 'Yigo', 89),
(1522, 'Yona', 89),
(1523, 'Alta Verapaz', 90),
(1524, 'Baja Verapaz', 90),
(1525, 'Chimaltenango', 90),
(1526, 'Chiquimula', 90),
(1527, 'El Progreso', 90),
(1528, 'Escuintla', 90),
(1529, 'Guatemala', 90),
(1530, 'Huehuetenango', 90),
(1531, 'Izabal', 90),
(1532, 'Jalapa', 90),
(1533, 'Jutiapa', 90),
(1534, 'Peten', 90),
(1535, 'Quezaltenango', 90),
(1536, 'Quiche', 90),
(1537, 'Retalhuleu', 90),
(1538, 'Sacatepequez', 90),
(1539, 'San Marcos', 90),
(1540, 'Santa Rosa', 90),
(1541, 'Solola', 90),
(1542, 'Suchitepequez', 90),
(1543, 'Totonicapan', 90),
(1544, 'Zacapa', 90),
(1545, 'Alderney', 91),
(1546, 'Castel', 91),
(1547, 'Forest', 91),
(1548, 'Saint Andrew', 91),
(1549, 'Saint Martin', 91),
(1550, 'Saint Peter Port', 91),
(1551, 'Saint Pierre du Bois', 91),
(1552, 'Saint Sampson', 91),
(1553, 'Saint Saviour', 91),
(1554, 'Sark', 91),
(1555, 'Torteval', 91),
(1556, 'Vale', 91),
(1557, 'Beyla', 92),
(1558, 'Boffa', 92),
(1559, 'Boke', 92),
(1560, 'Conakry', 92),
(1561, 'Coyah', 92),
(1562, 'Dabola', 92),
(1563, 'Dalaba', 92),
(1564, 'Dinguiraye', 92),
(1565, 'Faranah', 92),
(1566, 'Forecariah', 92),
(1567, 'Fria', 92),
(1568, 'Gaoual', 92),
(1569, 'Gueckedou', 92),
(1570, 'Kankan', 92),
(1571, 'Kerouane', 92),
(1572, 'Kindia', 92),
(1573, 'Kissidougou', 92),
(1574, 'Koubia', 92),
(1575, 'Koundara', 92),
(1576, 'Kouroussa', 92),
(1577, 'Labe', 92),
(1578, 'Lola', 92),
(1579, 'Macenta', 92),
(1580, 'Mali', 92),
(1581, 'Mamou', 92),
(1582, 'Mandiana', 92),
(1583, 'Nzerekore', 92),
(1584, 'Pita', 92),
(1585, 'Siguiri', 92),
(1586, 'Telimele', 92),
(1587, 'Tougue', 92),
(1588, 'Yomou', 92),
(1589, 'Bafata', 93),
(1590, 'Bissau', 93),
(1591, 'Bolama', 93),
(1592, 'Cacheu', 93),
(1593, 'Gabu', 93),
(1594, 'Oio', 93),
(1595, 'Quinara', 93),
(1596, 'Tombali', 93),
(1597, 'Barima-Waini', 94),
(1598, 'Cuyuni-Mazaruni', 94),
(1599, 'Demerara-Mahaica', 94),
(1600, 'East Berbice-Corentyne', 94),
(1601, 'Essequibo Islands-West Demerar', 94),
(1602, 'Mahaica-Berbice', 94),
(1603, 'Pomeroon-Supenaam', 94),
(1604, 'Potaro-Siparuni', 94),
(1605, 'Upper Demerara-Berbice', 94),
(1606, 'Upper Takutu-Upper Essequibo', 94),
(1607, 'Artibonite', 95),
(1608, 'Centre', 95),
(1609, 'Grand\'Anse', 95),
(1610, 'Nord', 95),
(1611, 'Nord-Est', 95),
(1612, 'Nord-Ouest', 95),
(1613, 'Ouest', 95),
(1614, 'Sud', 95),
(1615, 'Sud-Est', 95),
(1616, 'Heard and McDonald Islands', 96),
(1617, 'Atlantida', 97),
(1618, 'Choluteca', 97),
(1619, 'Colon', 97),
(1620, 'Comayagua', 97),
(1621, 'Copan', 97),
(1622, 'Cortes', 97),
(1623, 'Distrito Central', 97),
(1624, 'El Paraiso', 97),
(1625, 'Francisco Morazan', 97),
(1626, 'Gracias a Dios', 97),
(1627, 'Intibuca', 97),
(1628, 'Islas de la Bahia', 97),
(1629, 'La Paz', 97),
(1630, 'Lempira', 97),
(1631, 'Ocotepeque', 97),
(1632, 'Olancho', 97),
(1633, 'Santa Barbara', 97),
(1634, 'Valle', 97),
(1635, 'Yoro', 97),
(1636, 'Hong Kong', 98),
(1637, 'Bacs-Kiskun', 99),
(1638, 'Baranya', 99),
(1639, 'Bekes', 99),
(1640, 'Borsod-Abauj-Zemplen', 99),
(1641, 'Budapest', 99),
(1642, 'Csongrad', 99),
(1643, 'Fejer', 99),
(1644, 'Gyor-Moson-Sopron', 99),
(1645, 'Hajdu-Bihar', 99),
(1646, 'Heves', 99),
(1647, 'Jasz-Nagykun-Szolnok', 99),
(1648, 'Komarom-Esztergom', 99),
(1649, 'Nograd', 99),
(1650, 'Pest', 99),
(1651, 'Somogy', 99),
(1652, 'Szabolcs-Szatmar-Bereg', 99),
(1653, 'Tolna', 99),
(1654, 'Vas', 99),
(1655, 'Veszprem', 99),
(1656, 'Zala', 99),
(1657, 'Austurland', 100),
(1658, 'Gullbringusysla', 100),
(1659, 'Hofu borgarsva i', 100),
(1660, 'Nor urland eystra', 100),
(1661, 'Nor urland vestra', 100),
(1662, 'Su urland', 100),
(1663, 'Su urnes', 100),
(1664, 'Vestfir ir', 100),
(1665, 'Vesturland', 100),
(1666, 'Aceh', 102),
(1667, 'Bali', 102),
(1668, 'Bangka-Belitung', 102),
(1669, 'Banten', 102),
(1670, 'Bengkulu', 102),
(1671, 'Gandaria', 102),
(1672, 'Gorontalo', 102),
(1673, 'Jakarta', 102),
(1674, 'Jambi', 102),
(1675, 'Jawa Barat', 102),
(1676, 'Jawa Tengah', 102),
(1677, 'Jawa Timur', 102),
(1678, 'Kalimantan Barat', 102),
(1679, 'Kalimantan Selatan', 102),
(1680, 'Kalimantan Tengah', 102),
(1681, 'Kalimantan Timur', 102),
(1682, 'Kendal', 102),
(1683, 'Lampung', 102),
(1684, 'Maluku', 102),
(1685, 'Maluku Utara', 102),
(1686, 'Nusa Tenggara Barat', 102),
(1687, 'Nusa Tenggara Timur', 102),
(1688, 'Papua', 102),
(1689, 'Riau', 102),
(1690, 'Riau Kepulauan', 102),
(1691, 'Solo', 102),
(1692, 'Sulawesi Selatan', 102),
(1693, 'Sulawesi Tengah', 102),
(1694, 'Sulawesi Tenggara', 102),
(1695, 'Sulawesi Utara', 102),
(1696, 'Sumatera Barat', 102),
(1697, 'Sumatera Selatan', 102),
(1698, 'Sumatera Utara', 102),
(1699, 'Yogyakarta', 102),
(1700, 'Ardabil', 103),
(1701, 'Azarbayjan-e Bakhtari', 103),
(1702, 'Azarbayjan-e Khavari', 103),
(1703, 'Bushehr', 103),
(1704, 'Chahar Mahal-e Bakhtiari', 103),
(1705, 'Esfahan', 103),
(1706, 'Fars', 103),
(1707, 'Gilan', 103),
(1708, 'Golestan', 103),
(1709, 'Hamadan', 103),
(1710, 'Hormozgan', 103),
(1711, 'Ilam', 103),
(1712, 'Kerman', 103),
(1713, 'Kermanshah', 103),
(1714, 'Khorasan', 103),
(1715, 'Khuzestan', 103),
(1716, 'Kohgiluyeh-e Boyerahmad', 103),
(1717, 'Kordestan', 103),
(1718, 'Lorestan', 103),
(1719, 'Markazi', 103),
(1720, 'Mazandaran', 103),
(1721, 'Ostan-e Esfahan', 103),
(1722, 'Qazvin', 103),
(1723, 'Qom', 103),
(1724, 'Semnan', 103),
(1725, 'Sistan-e Baluchestan', 103),
(1726, 'Tehran', 103),
(1727, 'Yazd', 103),
(1728, 'Zanjan', 103),
(1729, 'Babil', 104),
(1730, 'Baghdad', 104),
(1731, 'Dahuk', 104),
(1732, 'Dhi Qar', 104),
(1733, 'Diyala', 104),
(1734, 'Erbil', 104),
(1735, 'Irbil', 104),
(1736, 'Karbala', 104),
(1737, 'Kurdistan', 104),
(1738, 'Maysan', 104),
(1739, 'Ninawa', 104),
(1740, 'Salah-ad-Din', 104),
(1741, 'Wasit', 104),
(1742, 'al-Anbar', 104),
(1743, 'al-Basrah', 104),
(1744, 'al-Muthanna', 104),
(1745, 'al-Qadisiyah', 104),
(1746, 'an-Najaf', 104),
(1747, 'as-Sulaymaniyah', 104),
(1748, 'at-Ta\'mim', 104),
(1749, 'Armagh', 105),
(1750, 'Carlow', 105),
(1751, 'Cavan', 105),
(1752, 'Clare', 105),
(1753, 'Cork', 105),
(1754, 'Donegal', 105),
(1755, 'Dublin', 105),
(1756, 'Galway', 105),
(1757, 'Kerry', 105),
(1758, 'Kildare', 105),
(1759, 'Kilkenny', 105),
(1760, 'Laois', 105),
(1761, 'Leinster', 105),
(1762, 'Leitrim', 105),
(1763, 'Limerick', 105),
(1764, 'Loch Garman', 105),
(1765, 'Longford', 105),
(1766, 'Louth', 105),
(1767, 'Mayo', 105),
(1768, 'Meath', 105),
(1769, 'Monaghan', 105),
(1770, 'Offaly', 105),
(1771, 'Roscommon', 105),
(1772, 'Sligo', 105),
(1773, 'Tipperary North Riding', 105),
(1774, 'Tipperary South Riding', 105),
(1775, 'Ulster', 105),
(1776, 'Waterford', 105),
(1777, 'Westmeath', 105),
(1778, 'Wexford', 105),
(1779, 'Wicklow', 105),
(1780, 'Beit Hanania', 106),
(1781, 'Ben Gurion Airport', 106),
(1782, 'Bethlehem', 106),
(1783, 'Caesarea', 106),
(1784, 'Centre', 106),
(1785, 'Gaza', 106),
(1786, 'Hadaron', 106),
(1787, 'Haifa District', 106),
(1788, 'Hamerkaz', 106),
(1789, 'Hazafon', 106),
(1790, 'Hebron', 106),
(1791, 'Jaffa', 106),
(1792, 'Jerusalem', 106),
(1793, 'Khefa', 106),
(1794, 'Kiryat Yam', 106),
(1795, 'Lower Galilee', 106),
(1796, 'Qalqilya', 106),
(1797, 'Talme Elazar', 106),
(1798, 'Tel Aviv', 106),
(1799, 'Tsafon', 106),
(1800, 'Umm El Fahem', 106),
(1801, 'Yerushalayim', 106),
(1802, 'Abruzzi', 107),
(1803, 'Abruzzo', 107),
(1804, 'Agrigento', 107),
(1805, 'Alessandria', 107),
(1806, 'Ancona', 107),
(1807, 'Arezzo', 107),
(1808, 'Ascoli Piceno', 107),
(1809, 'Asti', 107),
(1810, 'Avellino', 107),
(1811, 'Bari', 107),
(1812, 'Basilicata', 107),
(1813, 'Belluno', 107),
(1814, 'Benevento', 107),
(1815, 'Bergamo', 107),
(1816, 'Biella', 107),
(1817, 'Bologna', 107),
(1818, 'Bolzano', 107),
(1819, 'Brescia', 107),
(1820, 'Brindisi', 107),
(1821, 'Calabria', 107),
(1822, 'Campania', 107),
(1823, 'Cartoceto', 107),
(1824, 'Caserta', 107),
(1825, 'Catania', 107),
(1826, 'Chieti', 107),
(1827, 'Como', 107),
(1828, 'Cosenza', 107),
(1829, 'Cremona', 107),
(1830, 'Cuneo', 107),
(1831, 'Emilia-Romagna', 107),
(1832, 'Ferrara', 107),
(1833, 'Firenze', 107),
(1834, 'Florence', 107),
(1835, 'Forli-Cesena ', 107),
(1836, 'Friuli-Venezia Giulia', 107),
(1837, 'Frosinone', 107),
(1838, 'Genoa', 107),
(1839, 'Gorizia', 107),
(1840, 'L\'Aquila', 107),
(1841, 'Lazio', 107),
(1842, 'Lecce', 107),
(1843, 'Lecco', 107),
(1845, 'Liguria', 107),
(1846, 'Lodi', 107),
(1847, 'Lombardia', 107),
(1848, 'Lombardy', 107),
(1849, 'Macerata', 107),
(1850, 'Mantova', 107),
(1851, 'Marche', 107),
(1852, 'Messina', 107),
(1853, 'Milan', 107),
(1854, 'Modena', 107),
(1855, 'Molise', 107),
(1856, 'Molteno', 107),
(1857, 'Montenegro', 107),
(1858, 'Monza and Brianza', 107),
(1859, 'Naples', 107),
(1860, 'Novara', 107),
(1861, 'Padova', 107),
(1862, 'Parma', 107),
(1863, 'Pavia', 107),
(1864, 'Perugia', 107),
(1865, 'Pesaro-Urbino', 107),
(1866, 'Piacenza', 107),
(1867, 'Piedmont', 107),
(1868, 'Piemonte', 107),
(1869, 'Pisa', 107),
(1870, 'Pordenone', 107),
(1871, 'Potenza', 107),
(1872, 'Puglia', 107),
(1873, 'Reggio Emilia', 107),
(1874, 'Rimini', 107),
(1875, 'Roma', 107),
(1876, 'Salerno', 107),
(1877, 'Sardegna', 107),
(1878, 'Sassari', 107),
(1879, 'Savona', 107),
(1880, 'Sicilia', 107),
(1881, 'Siena', 107),
(1882, 'Sondrio', 107),
(1883, 'South Tyrol', 107),
(1884, 'Taranto', 107),
(1885, 'Teramo', 107),
(1886, 'Torino', 107),
(1887, 'Toscana', 107),
(1888, 'Trapani', 107),
(1889, 'Trentino-Alto Adige', 107),
(1890, 'Trento', 107),
(1891, 'Treviso', 107),
(1892, 'Udine', 107),
(1893, 'Umbria', 107),
(1894, 'Valle d\'Aosta', 107),
(1895, 'Varese', 107),
(1896, 'Veneto', 107),
(1897, 'Venezia', 107),
(1898, 'Verbano-Cusio-Ossola', 107),
(1899, 'Vercelli', 107),
(1900, 'Verona', 107),
(1901, 'Vicenza', 107),
(1902, 'Viterbo', 107),
(1903, 'Buxoro Viloyati', 108),
(1904, 'Clarendon', 108),
(1905, 'Hanover', 108),
(1906, 'Kingston', 108),
(1907, 'Manchester', 108),
(1908, 'Portland', 108),
(1909, 'Saint Andrews', 108),
(1910, 'Saint Ann', 108),
(1911, 'Saint Catherine', 108),
(1912, 'Saint Elizabeth', 108),
(1913, 'Saint James', 108),
(1914, 'Saint Mary', 108),
(1915, 'Saint Thomas', 108),
(1916, 'Trelawney', 108),
(1917, 'Westmoreland', 108),
(1918, 'Aichi', 109),
(1919, 'Akita', 109),
(1920, 'Aomori', 109),
(1921, 'Chiba', 109),
(1922, 'Ehime', 109),
(1923, 'Fukui', 109),
(1924, 'Fukuoka', 109),
(1925, 'Fukushima', 109),
(1926, 'Gifu', 109),
(1927, 'Gumma', 109),
(1928, 'Hiroshima', 109),
(1929, 'Hokkaido', 109),
(1930, 'Hyogo', 109),
(1931, 'Ibaraki', 109),
(1932, 'Ishikawa', 109),
(1933, 'Iwate', 109),
(1934, 'Kagawa', 109),
(1935, 'Kagoshima', 109),
(1936, 'Kanagawa', 109),
(1937, 'Kanto', 109),
(1938, 'Kochi', 109),
(1939, 'Kumamoto', 109),
(1940, 'Kyoto', 109),
(1941, 'Mie', 109),
(1942, 'Miyagi', 109),
(1943, 'Miyazaki', 109),
(1944, 'Nagano', 109),
(1945, 'Nagasaki', 109),
(1946, 'Nara', 109),
(1947, 'Niigata', 109),
(1948, 'Oita', 109),
(1949, 'Okayama', 109),
(1950, 'Okinawa', 109),
(1951, 'Osaka', 109),
(1952, 'Saga', 109),
(1953, 'Saitama', 109),
(1954, 'Shiga', 109),
(1955, 'Shimane', 109),
(1956, 'Shizuoka', 109),
(1957, 'Tochigi', 109),
(1958, 'Tokushima', 109),
(1959, 'Tokyo', 109),
(1960, 'Tottori', 109),
(1961, 'Toyama', 109),
(1962, 'Wakayama', 109),
(1963, 'Yamagata', 109),
(1964, 'Yamaguchi', 109),
(1965, 'Yamanashi', 109),
(1966, 'Grouville', 110),
(1967, 'Saint Brelade', 110),
(1968, 'Saint Clement', 110),
(1969, 'Saint Helier', 110),
(1970, 'Saint John', 110),
(1971, 'Saint Lawrence', 110),
(1972, 'Saint Martin', 110),
(1973, 'Saint Mary', 110),
(1974, 'Saint Peter', 110),
(1975, 'Saint Saviour', 110),
(1976, 'Trinity', 110),
(1977, '\'Ajlun', 111),
(1978, 'Amman', 111),
(1979, 'Irbid', 111),
(1980, 'Jarash', 111),
(1981, 'Ma\'an', 111),
(1982, 'Madaba', 111),
(1983, 'al-\'Aqabah', 111),
(1984, 'al-Balqa\'', 111),
(1985, 'al-Karak', 111),
(1986, 'al-Mafraq', 111),
(1987, 'at-Tafilah', 111),
(1988, 'az-Zarqa\'', 111),
(1989, 'Akmecet', 112),
(1990, 'Akmola', 112),
(1991, 'Aktobe', 112),
(1992, 'Almati', 112),
(1993, 'Atirau', 112),
(1994, 'Batis Kazakstan', 112),
(1995, 'Burlinsky Region', 112),
(1996, 'Karagandi', 112),
(1997, 'Kostanay', 112),
(1998, 'Mankistau', 112),
(1999, 'Ontustik Kazakstan', 112),
(2000, 'Pavlodar', 112),
(2001, 'Sigis Kazakstan', 112),
(2002, 'Soltustik Kazakstan', 112),
(2003, 'Taraz', 112),
(2004, 'Central', 113),
(2005, 'Coast', 113),
(2006, 'Eastern', 113),
(2007, 'Nairobi', 113),
(2008, 'North Eastern', 113),
(2009, 'Nyanza', 113),
(2010, 'Rift Valley', 113),
(2011, 'Western', 113),
(2012, 'Abaiang', 114),
(2013, 'Abemana', 114),
(2014, 'Aranuka', 114),
(2015, 'Arorae', 114),
(2016, 'Banaba', 114),
(2017, 'Beru', 114),
(2018, 'Butaritari', 114),
(2019, 'Kiritimati', 114),
(2020, 'Kuria', 114),
(2021, 'Maiana', 114),
(2022, 'Makin', 114),
(2023, 'Marakei', 114),
(2024, 'Nikunau', 114),
(2025, 'Nonouti', 114),
(2026, 'Onotoa', 114),
(2027, 'Phoenix Islands', 114),
(2028, 'Tabiteuea North', 114),
(2029, 'Tabiteuea South', 114),
(2030, 'Tabuaeran', 114),
(2031, 'Tamana', 114),
(2032, 'Tarawa North', 114),
(2033, 'Tarawa South', 114),
(2034, 'Teraina', 114),
(2035, 'Chagangdo', 115),
(2036, 'Hamgyeongbukto', 115),
(2037, 'Hamgyeongnamdo', 115),
(2038, 'Hwanghaebukto', 115),
(2039, 'Hwanghaenamdo', 115),
(2040, 'Kaeseong', 115),
(2041, 'Kangweon', 115),
(2042, 'Nampo', 115),
(2043, 'Pyeonganbukto', 115),
(2044, 'Pyeongannamdo', 115),
(2045, 'Pyeongyang', 115),
(2046, 'Yanggang', 115),
(2047, 'Busan', 116),
(2048, 'Cheju', 116),
(2049, 'Chollabuk', 116),
(2050, 'Chollanam', 116),
(2051, 'Chungbuk', 116),
(2052, 'Chungcheongbuk', 116),
(2053, 'Chungcheongnam', 116),
(2054, 'Chungnam', 116),
(2055, 'Daegu', 116),
(2056, 'Gangwon-do', 116),
(2057, 'Goyang-si', 116),
(2058, 'Gyeonggi-do', 116),
(2059, 'Gyeongsang ', 116),
(2060, 'Gyeongsangnam-do', 116),
(2061, 'Incheon', 116),
(2062, 'Jeju-Si', 116),
(2063, 'Jeonbuk', 116),
(2064, 'Kangweon', 116),
(2065, 'Kwangju', 116),
(2066, 'Kyeonggi', 116),
(2067, 'Kyeongsangbuk', 116),
(2068, 'Kyeongsangnam', 116),
(2069, 'Kyonggi-do', 116),
(2070, 'Kyungbuk-Do', 116),
(2071, 'Kyunggi-Do', 116),
(2072, 'Kyunggi-do', 116),
(2073, 'Pusan', 116),
(2074, 'Seoul', 116),
(2075, 'Sudogwon', 116),
(2076, 'Taegu', 116),
(2077, 'Taejeon', 116),
(2078, 'Taejon-gwangyoksi', 116),
(2079, 'Ulsan', 116),
(2080, 'Wonju', 116),
(2081, 'gwangyoksi', 116),
(2082, 'Al Asimah', 117),
(2083, 'Hawalli', 117),
(2084, 'Mishref', 117),
(2085, 'Qadesiya', 117),
(2086, 'Safat', 117),
(2087, 'Salmiya', 117),
(2088, 'al-Ahmadi', 117),
(2089, 'al-Farwaniyah', 117),
(2090, 'al-Jahra', 117),
(2091, 'al-Kuwayt', 117),
(2092, 'Batken', 118),
(2093, 'Bishkek', 118),
(2094, 'Chui', 118),
(2095, 'Issyk-Kul', 118),
(2096, 'Jalal-Abad', 118),
(2097, 'Naryn', 118),
(2098, 'Osh', 118),
(2099, 'Talas', 118),
(2100, 'Attopu', 119),
(2101, 'Bokeo', 119),
(2102, 'Bolikhamsay', 119),
(2103, 'Champasak', 119),
(2104, 'Houaphanh', 119),
(2105, 'Khammouane', 119),
(2106, 'Luang Nam Tha', 119),
(2107, 'Luang Prabang', 119),
(2108, 'Oudomxay', 119),
(2109, 'Phongsaly', 119),
(2110, 'Saravan', 119),
(2111, 'Savannakhet', 119),
(2112, 'Sekong', 119),
(2113, 'Viangchan Prefecture', 119),
(2114, 'Viangchan Province', 119),
(2115, 'Xaignabury', 119),
(2116, 'Xiang Khuang', 119),
(2117, 'Aizkraukles', 120),
(2118, 'Aluksnes', 120),
(2119, 'Balvu', 120),
(2120, 'Bauskas', 120),
(2121, 'Cesu', 120),
(2122, 'Daugavpils', 120),
(2123, 'Daugavpils City', 120),
(2124, 'Dobeles', 120),
(2125, 'Gulbenes', 120),
(2126, 'Jekabspils', 120),
(2127, 'Jelgava', 120),
(2128, 'Jelgavas', 120),
(2129, 'Jurmala City', 120),
(2130, 'Kraslavas', 120),
(2131, 'Kuldigas', 120),
(2132, 'Liepaja', 120),
(2133, 'Liepajas', 120),
(2134, 'Limbazhu', 120),
(2135, 'Ludzas', 120),
(2136, 'Madonas', 120),
(2137, 'Ogres', 120),
(2138, 'Preilu', 120),
(2139, 'Rezekne', 120),
(2140, 'Rezeknes', 120),
(2141, 'Riga', 120),
(2142, 'Rigas', 120),
(2143, 'Saldus', 120),
(2144, 'Talsu', 120),
(2145, 'Tukuma', 120),
(2146, 'Valkas', 120),
(2147, 'Valmieras', 120),
(2148, 'Ventspils', 120),
(2149, 'Ventspils City', 120),
(2150, 'Beirut', 121),
(2151, 'Jabal Lubnan', 121),
(2152, 'Mohafazat Liban-Nord', 121),
(2153, 'Mohafazat Mont-Liban', 121),
(2154, 'Sidon', 121),
(2155, 'al-Biqa', 121),
(2156, 'al-Janub', 121),
(2157, 'an-Nabatiyah', 121),
(2158, 'ash-Shamal', 121),
(2159, 'Berea', 122),
(2160, 'Butha-Buthe', 122),
(2161, 'Leribe', 122),
(2162, 'Mafeteng', 122),
(2163, 'Maseru', 122),
(2164, 'Mohale\'s Hoek', 122),
(2165, 'Mokhotlong', 122),
(2166, 'Qacha\'s Nek', 122),
(2167, 'Quthing', 122),
(2168, 'Thaba-Tseka', 122),
(2169, 'Bomi', 123),
(2170, 'Bong', 123),
(2171, 'Grand Bassa', 123),
(2172, 'Grand Cape Mount', 123),
(2173, 'Grand Gedeh', 123),
(2174, 'Loffa', 123),
(2175, 'Margibi', 123),
(2176, 'Maryland and Grand Kru', 123),
(2177, 'Montserrado', 123),
(2178, 'Nimba', 123),
(2179, 'Rivercess', 123),
(2180, 'Sinoe', 123),
(2181, 'Ajdabiya', 124),
(2182, 'Fezzan', 124),
(2183, 'Banghazi', 124),
(2184, 'Darnah', 124),
(2185, 'Ghadamis', 124),
(2186, 'Gharyan', 124),
(2187, 'Misratah', 124),
(2188, 'Murzuq', 124),
(2189, 'Sabha', 124),
(2190, 'Sawfajjin', 124),
(2191, 'Surt', 124),
(2192, 'Tarabulus', 124);
INSERT INTO `states` (`id`, `name`, `country_id`) VALUES
(2193, 'Tarhunah', 124),
(2194, 'Tripolitania', 124),
(2195, 'Tubruq', 124),
(2196, 'Yafran', 124),
(2197, 'Zlitan', 124),
(2198, 'al-\'Aziziyah', 124),
(2199, 'al-Fatih', 124),
(2200, 'al-Jabal al Akhdar', 124),
(2201, 'al-Jufrah', 124),
(2202, 'al-Khums', 124),
(2203, 'al-Kufrah', 124),
(2204, 'an-Nuqat al-Khams', 124),
(2205, 'ash-Shati\'', 124),
(2206, 'az-Zawiyah', 124),
(2207, 'Balzers', 125),
(2208, 'Eschen', 125),
(2209, 'Gamprin', 125),
(2210, 'Mauren', 125),
(2211, 'Planken', 125),
(2212, 'Ruggell', 125),
(2213, 'Schaan', 125),
(2214, 'Schellenberg', 125),
(2215, 'Triesen', 125),
(2216, 'Triesenberg', 125),
(2217, 'Vaduz', 125),
(2218, 'Alytaus', 126),
(2219, 'Anyksciai', 126),
(2220, 'Kauno', 126),
(2221, 'Klaipedos', 126),
(2222, 'Marijampoles', 126),
(2223, 'Panevezhio', 126),
(2224, 'Panevezys', 126),
(2225, 'Shiauliu', 126),
(2226, 'Taurages', 126),
(2227, 'Telshiu', 126),
(2228, 'Telsiai', 126),
(2229, 'Utenos', 126),
(2230, 'Vilniaus', 126),
(2231, 'Capellen', 127),
(2232, 'Clervaux', 127),
(2233, 'Diekirch', 127),
(2234, 'Echternach', 127),
(2235, 'Esch-sur-Alzette', 127),
(2236, 'Grevenmacher', 127),
(2237, 'Luxembourg', 127),
(2238, 'Mersch', 127),
(2239, 'Redange', 127),
(2240, 'Remich', 127),
(2241, 'Vianden', 127),
(2242, 'Wiltz', 127),
(2243, 'Macau', 128),
(2244, 'Berovo', 129),
(2245, 'Bitola', 129),
(2246, 'Brod', 129),
(2247, 'Debar', 129),
(2248, 'Delchevo', 129),
(2249, 'Demir Hisar', 129),
(2250, 'Gevgelija', 129),
(2251, 'Gostivar', 129),
(2252, 'Kavadarci', 129),
(2253, 'Kichevo', 129),
(2254, 'Kochani', 129),
(2255, 'Kratovo', 129),
(2256, 'Kriva Palanka', 129),
(2257, 'Krushevo', 129),
(2258, 'Kumanovo', 129),
(2259, 'Negotino', 129),
(2260, 'Ohrid', 129),
(2261, 'Prilep', 129),
(2262, 'Probishtip', 129),
(2263, 'Radovish', 129),
(2264, 'Resen', 129),
(2265, 'Shtip', 129),
(2266, 'Skopje', 129),
(2267, 'Struga', 129),
(2268, 'Strumica', 129),
(2269, 'Sveti Nikole', 129),
(2270, 'Tetovo', 129),
(2271, 'Valandovo', 129),
(2272, 'Veles', 129),
(2273, 'Vinica', 129),
(2274, 'Antananarivo', 130),
(2275, 'Antsiranana', 130),
(2276, 'Fianarantsoa', 130),
(2277, 'Mahajanga', 130),
(2278, 'Toamasina', 130),
(2279, 'Toliary', 130),
(2280, 'Balaka', 131),
(2281, 'Blantyre City', 131),
(2282, 'Chikwawa', 131),
(2283, 'Chiradzulu', 131),
(2284, 'Chitipa', 131),
(2285, 'Dedza', 131),
(2286, 'Dowa', 131),
(2287, 'Karonga', 131),
(2288, 'Kasungu', 131),
(2289, 'Lilongwe City', 131),
(2290, 'Machinga', 131),
(2291, 'Mangochi', 131),
(2292, 'Mchinji', 131),
(2293, 'Mulanje', 131),
(2294, 'Mwanza', 131),
(2295, 'Mzimba', 131),
(2296, 'Mzuzu City', 131),
(2297, 'Nkhata Bay', 131),
(2298, 'Nkhotakota', 131),
(2299, 'Nsanje', 131),
(2300, 'Ntcheu', 131),
(2301, 'Ntchisi', 131),
(2302, 'Phalombe', 131),
(2303, 'Rumphi', 131),
(2304, 'Salima', 131),
(2305, 'Thyolo', 131),
(2306, 'Zomba Municipality', 131),
(2307, 'Johor', 132),
(2308, 'Kedah', 132),
(2309, 'Kelantan', 132),
(2310, 'Kuala Lumpur', 132),
(2311, 'Labuan', 132),
(2312, 'Melaka', 132),
(2313, 'Negeri Johor', 132),
(2314, 'Negeri Sembilan', 132),
(2315, 'Pahang', 132),
(2316, 'Penang', 132),
(2317, 'Perak', 132),
(2318, 'Perlis', 132),
(2319, 'Pulau Pinang', 132),
(2320, 'Sabah', 132),
(2321, 'Sarawak', 132),
(2322, 'Selangor', 132),
(2323, 'Sembilan', 132),
(2324, 'Terengganu', 132),
(2325, 'Alif Alif', 133),
(2326, 'Alif Dhaal', 133),
(2327, 'Baa', 133),
(2328, 'Dhaal', 133),
(2329, 'Faaf', 133),
(2330, 'Gaaf Alif', 133),
(2331, 'Gaaf Dhaal', 133),
(2332, 'Ghaviyani', 133),
(2333, 'Haa Alif', 133),
(2334, 'Haa Dhaal', 133),
(2335, 'Kaaf', 133),
(2336, 'Laam', 133),
(2337, 'Lhaviyani', 133),
(2338, 'Male', 133),
(2339, 'Miim', 133),
(2340, 'Nuun', 133),
(2341, 'Raa', 133),
(2342, 'Shaviyani', 133),
(2343, 'Siin', 133),
(2344, 'Thaa', 133),
(2345, 'Vaav', 133),
(2346, 'Bamako', 134),
(2347, 'Gao', 134),
(2348, 'Kayes', 134),
(2349, 'Kidal', 134),
(2350, 'Koulikoro', 134),
(2351, 'Mopti', 134),
(2352, 'Segou', 134),
(2353, 'Sikasso', 134),
(2354, 'Tombouctou', 134),
(2355, 'Gozo and Comino', 135),
(2356, 'Inner Harbour', 135),
(2357, 'Northern', 135),
(2358, 'Outer Harbour', 135),
(2359, 'South Eastern', 135),
(2360, 'Valletta', 135),
(2361, 'Western', 135),
(2362, 'Castletown', 136),
(2363, 'Douglas', 136),
(2364, 'Laxey', 136),
(2365, 'Onchan', 136),
(2366, 'Peel', 136),
(2367, 'Port Erin', 136),
(2368, 'Port Saint Mary', 136),
(2369, 'Ramsey', 136),
(2370, 'Ailinlaplap', 137),
(2371, 'Ailuk', 137),
(2372, 'Arno', 137),
(2373, 'Aur', 137),
(2374, 'Bikini', 137),
(2375, 'Ebon', 137),
(2376, 'Enewetak', 137),
(2377, 'Jabat', 137),
(2378, 'Jaluit', 137),
(2379, 'Kili', 137),
(2380, 'Kwajalein', 137),
(2381, 'Lae', 137),
(2382, 'Lib', 137),
(2383, 'Likiep', 137),
(2384, 'Majuro', 137),
(2385, 'Maloelap', 137),
(2386, 'Mejit', 137),
(2387, 'Mili', 137),
(2388, 'Namorik', 137),
(2389, 'Namu', 137),
(2390, 'Rongelap', 137),
(2391, 'Ujae', 137),
(2392, 'Utrik', 137),
(2393, 'Wotho', 137),
(2394, 'Wotje', 137),
(2395, 'Fort-de-France', 138),
(2396, 'La Trinite', 138),
(2397, 'Le Marin', 138),
(2398, 'Saint-Pierre', 138),
(2399, 'Adrar', 139),
(2400, 'Assaba', 139),
(2401, 'Brakna', 139),
(2402, 'Dhakhlat Nawadibu', 139),
(2403, 'Hudh-al-Gharbi', 139),
(2404, 'Hudh-ash-Sharqi', 139),
(2405, 'Inshiri', 139),
(2406, 'Nawakshut', 139),
(2407, 'Qidimagha', 139),
(2408, 'Qurqul', 139),
(2409, 'Taqant', 139),
(2410, 'Tiris Zammur', 139),
(2411, 'Trarza', 139),
(2412, 'Black River', 140),
(2413, 'Eau Coulee', 140),
(2414, 'Flacq', 140),
(2415, 'Floreal', 140),
(2416, 'Grand Port', 140),
(2417, 'Moka', 140),
(2418, 'Pamplempousses', 140),
(2419, 'Plaines Wilhelm', 140),
(2420, 'Port Louis', 140),
(2421, 'Riviere du Rempart', 140),
(2422, 'Rodrigues', 140),
(2423, 'Rose Hill', 140),
(2424, 'Savanne', 140),
(2425, 'Mayotte', 141),
(2426, 'Pamanzi', 141),
(2427, 'Aguascalientes', 142),
(2428, 'Baja California', 142),
(2429, 'Baja California Sur', 142),
(2430, 'Campeche', 142),
(2431, 'Chiapas', 142),
(2432, 'Chihuahua', 142),
(2433, 'Coahuila', 142),
(2434, 'Colima', 142),
(2435, 'Distrito Federal', 142),
(2436, 'Durango', 142),
(2437, 'Estado de Mexico', 142),
(2438, 'Guanajuato', 142),
(2439, 'Guerrero', 142),
(2440, 'Hidalgo', 142),
(2441, 'Jalisco', 142),
(2442, 'Mexico', 142),
(2443, 'Michoacan', 142),
(2444, 'Morelos', 142),
(2445, 'Nayarit', 142),
(2446, 'Nuevo Leon', 142),
(2447, 'Oaxaca', 142),
(2448, 'Puebla', 142),
(2449, 'Queretaro', 142),
(2450, 'Quintana Roo', 142),
(2451, 'San Luis Potosi', 142),
(2452, 'Sinaloa', 142),
(2453, 'Sonora', 142),
(2454, 'Tabasco', 142),
(2455, 'Tamaulipas', 142),
(2456, 'Tlaxcala', 142),
(2457, 'Veracruz', 142),
(2458, 'Yucatan', 142),
(2459, 'Zacatecas', 142),
(2460, 'Chuuk', 143),
(2461, 'Kusaie', 143),
(2462, 'Pohnpei', 143),
(2463, 'Yap', 143),
(2464, 'Balti', 144),
(2465, 'Cahul', 144),
(2466, 'Chisinau', 144),
(2467, 'Chisinau Oras', 144),
(2468, 'Edinet', 144),
(2469, 'Gagauzia', 144),
(2470, 'Lapusna', 144),
(2471, 'Orhei', 144),
(2472, 'Soroca', 144),
(2473, 'Taraclia', 144),
(2474, 'Tighina', 144),
(2475, 'Transnistria', 144),
(2476, 'Ungheni', 144),
(2477, 'Fontvieille', 145),
(2478, 'La Condamine', 145),
(2479, 'Monaco-Ville', 145),
(2480, 'Monte Carlo', 145),
(2481, 'Arhangaj', 146),
(2482, 'Bajan-Olgij', 146),
(2483, 'Bajanhongor', 146),
(2484, 'Bulgan', 146),
(2485, 'Darhan-Uul', 146),
(2486, 'Dornod', 146),
(2487, 'Dornogovi', 146),
(2488, 'Dundgovi', 146),
(2489, 'Govi-Altaj', 146),
(2490, 'Govisumber', 146),
(2491, 'Hentij', 146),
(2492, 'Hovd', 146),
(2493, 'Hovsgol', 146),
(2494, 'Omnogovi', 146),
(2495, 'Orhon', 146),
(2496, 'Ovorhangaj', 146),
(2497, 'Selenge', 146),
(2498, 'Suhbaatar', 146),
(2499, 'Tov', 146),
(2500, 'Ulaanbaatar', 146),
(2501, 'Uvs', 146),
(2502, 'Zavhan', 146),
(2503, 'Montserrat', 147),
(2504, 'Agadir', 148),
(2505, 'Casablanca', 148),
(2506, 'Chaouia-Ouardigha', 148),
(2507, 'Doukkala-Abda', 148),
(2508, 'Fes-Boulemane', 148),
(2509, 'Gharb-Chrarda-Beni Hssen', 148),
(2510, 'Guelmim', 148),
(2511, 'Kenitra', 148),
(2512, 'Marrakech-Tensift-Al Haouz', 148),
(2513, 'Meknes-Tafilalet', 148),
(2514, 'Oriental', 148),
(2515, 'Oujda', 148),
(2516, 'Province de Tanger', 148),
(2517, 'Rabat-Sale-Zammour-Zaer', 148),
(2518, 'Sala Al Jadida', 148),
(2519, 'Settat', 148),
(2520, 'Souss Massa-Draa', 148),
(2521, 'Tadla-Azilal', 148),
(2522, 'Tangier-Tetouan', 148),
(2523, 'Taza-Al Hoceima-Taounate', 148),
(2524, 'Wilaya de Casablanca', 148),
(2525, 'Wilaya de Rabat-Sale', 148),
(2526, 'Cabo Delgado', 149),
(2527, 'Gaza', 149),
(2528, 'Inhambane', 149),
(2529, 'Manica', 149),
(2530, 'Maputo', 149),
(2531, 'Maputo Provincia', 149),
(2532, 'Nampula', 149),
(2533, 'Niassa', 149),
(2534, 'Sofala', 149),
(2535, 'Tete', 149),
(2536, 'Zambezia', 149),
(2537, 'Ayeyarwady', 150),
(2538, 'Bago', 150),
(2539, 'Chin', 150),
(2540, 'Kachin', 150),
(2541, 'Kayah', 150),
(2542, 'Kayin', 150),
(2543, 'Magway', 150),
(2544, 'Mandalay', 150),
(2545, 'Mon', 150),
(2546, 'Nay Pyi Taw', 150),
(2547, 'Rakhine', 150),
(2548, 'Sagaing', 150),
(2549, 'Shan', 150),
(2550, 'Tanintharyi', 150),
(2551, 'Yangon', 150),
(2552, 'Caprivi', 151),
(2553, 'Erongo', 151),
(2554, 'Hardap', 151),
(2555, 'Karas', 151),
(2556, 'Kavango', 151),
(2557, 'Khomas', 151),
(2558, 'Kunene', 151),
(2559, 'Ohangwena', 151),
(2560, 'Omaheke', 151),
(2561, 'Omusati', 151),
(2562, 'Oshana', 151),
(2563, 'Oshikoto', 151),
(2564, 'Otjozondjupa', 151),
(2565, 'Yaren', 152),
(2566, 'Bagmati', 153),
(2567, 'Bheri', 153),
(2568, 'Dhawalagiri', 153),
(2569, 'Gandaki', 153),
(2570, 'Janakpur', 153),
(2571, 'Karnali', 153),
(2572, 'Koshi', 153),
(2573, 'Lumbini', 153),
(2574, 'Mahakali', 153),
(2575, 'Mechi', 153),
(2576, 'Narayani', 153),
(2577, 'Rapti', 153),
(2578, 'Sagarmatha', 153),
(2579, 'Seti', 153),
(2580, 'Bonaire', 154),
(2581, 'Curacao', 154),
(2582, 'Saba', 154),
(2583, 'Sint Eustatius', 154),
(2584, 'Sint Maarten', 154),
(2585, 'Amsterdam', 155),
(2586, 'Benelux', 155),
(2587, 'Drenthe', 155),
(2588, 'Flevoland', 155),
(2589, 'Friesland', 155),
(2590, 'Gelderland', 155),
(2591, 'Groningen', 155),
(2592, 'Limburg', 155),
(2593, 'Noord-Brabant', 155),
(2594, 'Noord-Holland', 155),
(2595, 'Overijssel', 155),
(2596, 'South Holland', 155),
(2597, 'Utrecht', 155),
(2598, 'Zeeland', 155),
(2599, 'Zuid-Holland', 155),
(2600, 'Iles', 156),
(2601, 'Nord', 156),
(2602, 'Sud', 156),
(2603, 'Area Outside Region', 157),
(2604, 'Auckland', 157),
(2605, 'Bay of Plenty', 157),
(2606, 'Canterbury', 157),
(2607, 'Christchurch', 157),
(2608, 'Gisborne', 157),
(2609, 'Hawke\'s Bay', 157),
(2610, 'Manawatu-Wanganui', 157),
(2611, 'Marlborough', 157),
(2612, 'Nelson', 157),
(2613, 'Northland', 157),
(2614, 'Otago', 157),
(2615, 'Rodney', 157),
(2616, 'Southland', 157),
(2617, 'Taranaki', 157),
(2618, 'Tasman', 157),
(2619, 'Waikato', 157),
(2620, 'Wellington', 157),
(2621, 'West Coast', 157),
(2622, 'Atlantico Norte', 158),
(2623, 'Atlantico Sur', 158),
(2624, 'Boaco', 158),
(2625, 'Carazo', 158),
(2626, 'Chinandega', 158),
(2627, 'Chontales', 158),
(2628, 'Esteli', 158),
(2629, 'Granada', 158),
(2630, 'Jinotega', 158),
(2631, 'Leon', 158),
(2632, 'Madriz', 158),
(2633, 'Managua', 158),
(2634, 'Masaya', 158),
(2635, 'Matagalpa', 158),
(2636, 'Nueva Segovia', 158),
(2637, 'Rio San Juan', 158),
(2638, 'Rivas', 158),
(2639, 'Agadez', 159),
(2640, 'Diffa', 159),
(2641, 'Dosso', 159),
(2642, 'Maradi', 159),
(2643, 'Niamey', 159),
(2644, 'Tahoua', 159),
(2645, 'Tillabery', 159),
(2646, 'Zinder', 159),
(2647, 'Abia', 160),
(2648, 'Abuja Federal Capital Territor', 160),
(2649, 'Adamawa', 160),
(2650, 'Akwa Ibom', 160),
(2651, 'Anambra', 160),
(2652, 'Bauchi', 160),
(2653, 'Bayelsa', 160),
(2654, 'Benue', 160),
(2655, 'Borno', 160),
(2656, 'Cross River', 160),
(2657, 'Delta', 160),
(2658, 'Ebonyi', 160),
(2659, 'Edo', 160),
(2660, 'Ekiti', 160),
(2661, 'Enugu', 160),
(2662, 'Gombe', 160),
(2663, 'Imo', 160),
(2664, 'Jigawa', 160),
(2665, 'Kaduna', 160),
(2666, 'Kano', 160),
(2667, 'Katsina', 160),
(2668, 'Kebbi', 160),
(2669, 'Kogi', 160),
(2670, 'Kwara', 160),
(2671, 'Lagos', 160),
(2672, 'Nassarawa', 160),
(2673, 'Niger', 160),
(2674, 'Ogun', 160),
(2675, 'Ondo', 160),
(2676, 'Osun', 160),
(2677, 'Oyo', 160),
(2678, 'Plateau', 160),
(2679, 'Rivers', 160),
(2680, 'Sokoto', 160),
(2681, 'Taraba', 160),
(2682, 'Yobe', 160),
(2683, 'Zamfara', 160),
(2684, 'Niue', 161),
(2685, 'Norfolk Island', 162),
(2686, 'Northern Islands', 163),
(2687, 'Rota', 163),
(2688, 'Saipan', 163),
(2689, 'Tinian', 163),
(2690, 'Akershus', 164),
(2691, 'Aust Agder', 164),
(2692, 'Bergen', 164),
(2693, 'Buskerud', 164),
(2694, 'Finnmark', 164),
(2695, 'Hedmark', 164),
(2696, 'Hordaland', 164),
(2697, 'Moere og Romsdal', 164),
(2698, 'Nord Trondelag', 164),
(2699, 'Nordland', 164),
(2700, 'Oestfold', 164),
(2701, 'Oppland', 164),
(2702, 'Oslo', 164),
(2703, 'Rogaland', 164),
(2704, 'Soer Troendelag', 164),
(2705, 'Sogn og Fjordane', 164),
(2706, 'Stavern', 164),
(2707, 'Sykkylven', 164),
(2708, 'Telemark', 164),
(2709, 'Troms', 164),
(2710, 'Vest Agder', 164),
(2711, 'Vestfold', 164),
(2712, 'ÃƒÂ˜stfold', 164),
(2713, 'Al Buraimi', 165),
(2714, 'Dhufar', 165),
(2715, 'Masqat', 165),
(2716, 'Musandam', 165),
(2717, 'Rusayl', 165),
(2718, 'Wadi Kabir', 165),
(2719, 'ad-Dakhiliyah', 165),
(2720, 'adh-Dhahirah', 165),
(2721, 'al-Batinah', 165),
(2722, 'ash-Sharqiyah', 165),
(2723, 'Baluchistan', 166),
(2724, 'Federal Capital Area', 166),
(2725, 'Federally administered Tribal ', 166),
(2726, 'North-West Frontier', 166),
(2727, 'Northern Areas', 166),
(2728, 'Punjab', 166),
(2729, 'Sind', 166),
(2730, 'Aimeliik', 167),
(2731, 'Airai', 167),
(2732, 'Angaur', 167),
(2733, 'Hatobohei', 167),
(2734, 'Kayangel', 167),
(2735, 'Koror', 167),
(2736, 'Melekeok', 167),
(2737, 'Ngaraard', 167),
(2738, 'Ngardmau', 167),
(2739, 'Ngaremlengui', 167),
(2740, 'Ngatpang', 167),
(2741, 'Ngchesar', 167),
(2742, 'Ngerchelong', 167),
(2743, 'Ngiwal', 167),
(2744, 'Peleliu', 167),
(2745, 'Sonsorol', 167),
(2746, 'Ariha', 168),
(2747, 'Bayt Lahm', 168),
(2748, 'Bethlehem', 168),
(2749, 'Dayr-al-Balah', 168),
(2750, 'Ghazzah', 168),
(2751, 'Ghazzah ash-Shamaliyah', 168),
(2752, 'Janin', 168),
(2753, 'Khan Yunis', 168),
(2754, 'Nabulus', 168),
(2755, 'Qalqilyah', 168),
(2756, 'Rafah', 168),
(2757, 'Ram Allah wal-Birah', 168),
(2758, 'Salfit', 168),
(2759, 'Tubas', 168),
(2760, 'Tulkarm', 168),
(2761, 'al-Khalil', 168),
(2762, 'al-Quds', 168),
(2763, 'Bocas del Toro', 169),
(2764, 'Chiriqui', 169),
(2765, 'Cocle', 169),
(2766, 'Colon', 169),
(2767, 'Darien', 169),
(2768, 'Embera', 169),
(2769, 'Herrera', 169),
(2770, 'Kuna Yala', 169),
(2771, 'Los Santos', 169),
(2772, 'Ngobe Bugle', 169),
(2773, 'Panama', 169),
(2774, 'Veraguas', 169),
(2775, 'East New Britain', 170),
(2776, 'East Sepik', 170),
(2777, 'Eastern Highlands', 170),
(2778, 'Enga', 170),
(2779, 'Fly River', 170),
(2780, 'Gulf', 170),
(2781, 'Madang', 170),
(2782, 'Manus', 170),
(2783, 'Milne Bay', 170),
(2784, 'Morobe', 170),
(2785, 'National Capital District', 170),
(2786, 'New Ireland', 170),
(2787, 'North Solomons', 170),
(2788, 'Oro', 170),
(2789, 'Sandaun', 170),
(2790, 'Simbu', 170),
(2791, 'Southern Highlands', 170),
(2792, 'West New Britain', 170),
(2793, 'Western Highlands', 170),
(2794, 'Alto Paraguay', 171),
(2795, 'Alto Parana', 171),
(2796, 'Amambay', 171),
(2797, 'Asuncion', 171),
(2798, 'Boqueron', 171),
(2799, 'Caaguazu', 171),
(2800, 'Caazapa', 171),
(2801, 'Canendiyu', 171),
(2802, 'Central', 171),
(2803, 'Concepcion', 171),
(2804, 'Cordillera', 171),
(2805, 'Guaira', 171),
(2806, 'Itapua', 171),
(2807, 'Misiones', 171),
(2808, 'Neembucu', 171),
(2809, 'Paraguari', 171),
(2810, 'Presidente Hayes', 171),
(2811, 'San Pedro', 171),
(2812, 'Amazonas', 172),
(2813, 'Ancash', 172),
(2814, 'Apurimac', 172),
(2815, 'Arequipa', 172),
(2816, 'Ayacucho', 172),
(2817, 'Cajamarca', 172),
(2818, 'Cusco', 172),
(2819, 'Huancavelica', 172),
(2820, 'Huanuco', 172),
(2821, 'Ica', 172),
(2822, 'Junin', 172),
(2823, 'La Libertad', 172),
(2824, 'Lambayeque', 172),
(2825, 'Lima y Callao', 172),
(2826, 'Loreto', 172),
(2827, 'Madre de Dios', 172),
(2828, 'Moquegua', 172),
(2829, 'Pasco', 172),
(2830, 'Piura', 172),
(2831, 'Puno', 172),
(2832, 'San Martin', 172),
(2833, 'Tacna', 172),
(2834, 'Tumbes', 172),
(2835, 'Ucayali', 172),
(2836, 'Batangas', 173),
(2837, 'Bicol', 173),
(2838, 'Bulacan', 173),
(2839, 'Cagayan', 173),
(2840, 'Caraga', 173),
(2841, 'Central Luzon', 173),
(2842, 'Central Mindanao', 173),
(2843, 'Central Visayas', 173),
(2844, 'Cordillera', 173),
(2845, 'Davao', 173),
(2846, 'Eastern Visayas', 173),
(2847, 'Greater Metropolitan Area', 173),
(2848, 'Ilocos', 173),
(2849, 'Laguna', 173),
(2850, 'Luzon', 173),
(2851, 'Mactan', 173),
(2852, 'Metropolitan Manila Area', 173),
(2853, 'Muslim Mindanao', 173),
(2854, 'Northern Mindanao', 173),
(2855, 'Southern Mindanao', 173),
(2856, 'Southern Tagalog', 173),
(2857, 'Western Mindanao', 173),
(2858, 'Western Visayas', 173),
(2859, 'Pitcairn Island', 174),
(2860, 'Biale Blota', 175),
(2861, 'Dobroszyce', 175),
(2862, 'Dolnoslaskie', 175),
(2863, 'Dziekanow Lesny', 175),
(2864, 'Hopowo', 175),
(2865, 'Kartuzy', 175),
(2866, 'Koscian', 175),
(2867, 'Krakow', 175),
(2868, 'Kujawsko-Pomorskie', 175),
(2869, 'Lodzkie', 175),
(2870, 'Lubelskie', 175),
(2871, 'Lubuskie', 175),
(2872, 'Malomice', 175),
(2873, 'Malopolskie', 175),
(2874, 'Mazowieckie', 175),
(2875, 'Mirkow', 175),
(2876, 'Opolskie', 175),
(2877, 'Ostrowiec', 175),
(2878, 'Podkarpackie', 175),
(2879, 'Podlaskie', 175),
(2880, 'Polska', 175),
(2881, 'Pomorskie', 175),
(2882, 'Poznan', 175),
(2883, 'Pruszkow', 175),
(2884, 'Rymanowska', 175),
(2885, 'Rzeszow', 175),
(2886, 'Slaskie', 175),
(2887, 'Stare Pole', 175),
(2888, 'Swietokrzyskie', 175),
(2889, 'Warminsko-Mazurskie', 175),
(2890, 'Warsaw', 175),
(2891, 'Wejherowo', 175),
(2892, 'Wielkopolskie', 175),
(2893, 'Wroclaw', 175),
(2894, 'Zachodnio-Pomorskie', 175),
(2895, 'Zukowo', 175),
(2896, 'Abrantes', 176),
(2897, 'Acores', 176),
(2898, 'Alentejo', 176),
(2899, 'Algarve', 176),
(2900, 'Braga', 176),
(2901, 'Centro', 176),
(2902, 'Distrito de Leiria', 176),
(2903, 'Distrito de Viana do Castelo', 176),
(2904, 'Distrito de Vila Real', 176),
(2905, 'Distrito do Porto', 176),
(2906, 'Lisboa e Vale do Tejo', 176),
(2907, 'Madeira', 176),
(2908, 'Norte', 176),
(2909, 'Paivas', 176),
(2910, 'Arecibo', 177),
(2911, 'Bayamon', 177),
(2912, 'Carolina', 177),
(2913, 'Florida', 177),
(2914, 'Guayama', 177),
(2915, 'Humacao', 177),
(2916, 'Mayaguez-Aguadilla', 177),
(2917, 'Ponce', 177),
(2918, 'Salinas', 177),
(2919, 'San Juan', 177),
(2920, 'Doha', 178),
(2921, 'Jarian-al-Batnah', 178),
(2922, 'Umm Salal', 178),
(2923, 'ad-Dawhah', 178),
(2924, 'al-Ghuwayriyah', 178),
(2925, 'al-Jumayliyah', 178),
(2926, 'al-Khawr', 178),
(2927, 'al-Wakrah', 178),
(2928, 'ar-Rayyan', 178),
(2929, 'ash-Shamal', 178),
(2930, 'Saint-Benoit', 179),
(2931, 'Saint-Denis', 179),
(2932, 'Saint-Paul', 179),
(2933, 'Saint-Pierre', 179),
(2934, 'Alba', 180),
(2935, 'Arad', 180),
(2936, 'Arges', 180),
(2937, 'Bacau', 180),
(2938, 'Bihor', 180),
(2939, 'Bistrita-Nasaud', 180),
(2940, 'Botosani', 180),
(2941, 'Braila', 180),
(2942, 'Brasov', 180),
(2943, 'Bucuresti', 180),
(2944, 'Buzau', 180),
(2945, 'Calarasi', 180),
(2946, 'Caras-Severin', 180),
(2947, 'Cluj', 180),
(2948, 'Constanta', 180),
(2949, 'Covasna', 180),
(2950, 'Dambovita', 180),
(2951, 'Dolj', 180),
(2952, 'Galati', 180),
(2953, 'Giurgiu', 180),
(2954, 'Gorj', 180),
(2955, 'Harghita', 180),
(2956, 'Hunedoara', 180),
(2957, 'Ialomita', 180),
(2958, 'Iasi', 180),
(2959, 'Ilfov', 180),
(2960, 'Maramures', 180),
(2961, 'Mehedinti', 180),
(2962, 'Mures', 180),
(2963, 'Neamt', 180),
(2964, 'Olt', 180),
(2965, 'Prahova', 180),
(2966, 'Salaj', 180),
(2967, 'Satu Mare', 180),
(2968, 'Sibiu', 180),
(2969, 'Sondelor', 180),
(2970, 'Suceava', 180),
(2971, 'Teleorman', 180),
(2972, 'Timis', 180),
(2973, 'Tulcea', 180),
(2974, 'Valcea', 180),
(2975, 'Vaslui', 180),
(2976, 'Vrancea', 180),
(2977, 'Adygeja', 181),
(2978, 'Aga', 181),
(2979, 'Alanija', 181),
(2980, 'Altaj', 181),
(2981, 'Amur', 181),
(2982, 'Arhangelsk', 181),
(2983, 'Astrahan', 181),
(2984, 'Bashkortostan', 181),
(2985, 'Belgorod', 181),
(2986, 'Brjansk', 181),
(2987, 'Burjatija', 181),
(2988, 'Chechenija', 181),
(2989, 'Cheljabinsk', 181),
(2990, 'Chita', 181),
(2991, 'Chukotka', 181),
(2992, 'Chuvashija', 181),
(2993, 'Dagestan', 181),
(2994, 'Evenkija', 181),
(2995, 'Gorno-Altaj', 181),
(2996, 'Habarovsk', 181),
(2997, 'Hakasija', 181),
(2998, 'Hanty-Mansija', 181),
(2999, 'Ingusetija', 181),
(3000, 'Irkutsk', 181),
(3001, 'Ivanovo', 181),
(3002, 'Jamalo-Nenets', 181),
(3003, 'Jaroslavl', 181),
(3004, 'Jevrej', 181),
(3005, 'Kabardino-Balkarija', 181),
(3006, 'Kaliningrad', 181),
(3007, 'Kalmykija', 181),
(3008, 'Kaluga', 181),
(3009, 'Kamchatka', 181),
(3010, 'Karachaj-Cherkessija', 181),
(3011, 'Karelija', 181),
(3012, 'Kemerovo', 181),
(3013, 'Khabarovskiy Kray', 181),
(3014, 'Kirov', 181),
(3015, 'Komi', 181),
(3016, 'Komi-Permjakija', 181),
(3017, 'Korjakija', 181),
(3018, 'Kostroma', 181),
(3019, 'Krasnodar', 181),
(3020, 'Krasnojarsk', 181),
(3021, 'Krasnoyarskiy Kray', 181),
(3022, 'Kurgan', 181),
(3023, 'Kursk', 181),
(3024, 'Leningrad', 181),
(3025, 'Lipeck', 181),
(3026, 'Magadan', 181),
(3027, 'Marij El', 181),
(3028, 'Mordovija', 181),
(3029, 'Moscow', 181),
(3030, 'Moskovskaja Oblast', 181),
(3031, 'Moskovskaya Oblast', 181),
(3032, 'Moskva', 181),
(3033, 'Murmansk', 181),
(3034, 'Nenets', 181),
(3035, 'Nizhnij Novgorod', 181),
(3036, 'Novgorod', 181),
(3037, 'Novokusnezk', 181),
(3038, 'Novosibirsk', 181),
(3039, 'Omsk', 181),
(3040, 'Orenburg', 181),
(3041, 'Orjol', 181),
(3042, 'Penza', 181),
(3043, 'Perm', 181),
(3044, 'Primorje', 181),
(3045, 'Pskov', 181),
(3046, 'Pskovskaya Oblast', 181),
(3047, 'Rjazan', 181),
(3048, 'Rostov', 181),
(3049, 'Saha', 181),
(3050, 'Sahalin', 181),
(3051, 'Samara', 181),
(3052, 'Samarskaya', 181),
(3053, 'Sankt-Peterburg', 181),
(3054, 'Saratov', 181),
(3055, 'Smolensk', 181),
(3056, 'Stavropol', 181),
(3057, 'Sverdlovsk', 181),
(3058, 'Tajmyrija', 181),
(3059, 'Tambov', 181),
(3060, 'Tatarstan', 181),
(3061, 'Tjumen', 181),
(3062, 'Tomsk', 181),
(3063, 'Tula', 181),
(3064, 'Tver', 181),
(3065, 'Tyva', 181),
(3066, 'Udmurtija', 181),
(3067, 'Uljanovsk', 181),
(3068, 'Ulyanovskaya Oblast', 181),
(3069, 'Ust-Orda', 181),
(3070, 'Vladimir', 181),
(3071, 'Volgograd', 181),
(3072, 'Vologda', 181),
(3073, 'Voronezh', 181),
(3074, 'Butare', 182),
(3075, 'Byumba', 182),
(3076, 'Cyangugu', 182),
(3077, 'Gikongoro', 182),
(3078, 'Gisenyi', 182),
(3079, 'Gitarama', 182),
(3080, 'Kibungo', 182),
(3081, 'Kibuye', 182),
(3082, 'Kigali-ngali', 182),
(3083, 'Ruhengeri', 182),
(3084, 'Ascension', 183),
(3085, 'Gough Island', 183),
(3086, 'Saint Helena', 183),
(3087, 'Tristan da Cunha', 183),
(3088, 'Christ Church Nichola Town', 184),
(3089, 'Saint Anne Sandy Point', 184),
(3090, 'Saint George Basseterre', 184),
(3091, 'Saint George Gingerland', 184),
(3092, 'Saint James Windward', 184),
(3093, 'Saint John Capesterre', 184),
(3094, 'Saint John Figtree', 184),
(3095, 'Saint Mary Cayon', 184),
(3096, 'Saint Paul Capesterre', 184),
(3097, 'Saint Paul Charlestown', 184),
(3098, 'Saint Peter Basseterre', 184),
(3099, 'Saint Thomas Lowland', 184),
(3100, 'Saint Thomas Middle Island', 184),
(3101, 'Trinity Palmetto Point', 184),
(3102, 'Anse-la-Raye', 185),
(3103, 'Canaries', 185),
(3104, 'Castries', 185),
(3105, 'Choiseul', 185),
(3106, 'Dennery', 185),
(3107, 'Gros Inlet', 185),
(3108, 'Laborie', 185),
(3109, 'Micoud', 185),
(3110, 'Soufriere', 185),
(3111, 'Vieux Fort', 185),
(3112, 'Miquelon-Langlade', 186),
(3113, 'Saint-Pierre', 186),
(3114, 'Charlotte', 187),
(3115, 'Grenadines', 187),
(3116, 'Saint Andrew', 187),
(3117, 'Saint David', 187),
(3118, 'Saint George', 187),
(3119, 'Saint Patrick', 187),
(3120, 'A\'ana', 188),
(3121, 'Aiga-i-le-Tai', 188),
(3122, 'Atua', 188),
(3123, 'Fa\'asaleleaga', 188),
(3124, 'Gaga\'emauga', 188),
(3125, 'Gagaifomauga', 188),
(3126, 'Palauli', 188),
(3127, 'Satupa\'itea', 188),
(3128, 'Tuamasaga', 188),
(3129, 'Va\'a-o-Fonoti', 188),
(3130, 'Vaisigano', 188),
(3131, 'Acquaviva', 189),
(3132, 'Borgo Maggiore', 189),
(3133, 'Chiesanuova', 189),
(3134, 'Domagnano', 189),
(3135, 'Faetano', 189),
(3136, 'Fiorentino', 189),
(3137, 'Montegiardino', 189),
(3138, 'San Marino', 189),
(3139, 'Serravalle', 189),
(3140, 'Agua Grande', 190),
(3141, 'Cantagalo', 190),
(3142, 'Lemba', 190),
(3143, 'Lobata', 190),
(3144, 'Me-Zochi', 190),
(3145, 'Pague', 190),
(3146, 'Al Khobar', 191),
(3147, 'Aseer', 191),
(3148, 'Ash Sharqiyah', 191),
(3149, 'Asir', 191),
(3150, 'Central Province', 191),
(3151, 'Eastern Province', 191),
(3152, 'Ha\'il', 191),
(3153, 'Jawf', 191),
(3154, 'Jizan', 191),
(3155, 'Makkah', 191),
(3156, 'Najran', 191),
(3157, 'Qasim', 191),
(3158, 'Tabuk', 191),
(3159, 'Western Province', 191),
(3160, 'al-Bahah', 191),
(3161, 'al-Hudud-ash-Shamaliyah', 191),
(3162, 'al-Madinah', 191),
(3163, 'ar-Riyad', 191),
(3164, 'Dakar', 192),
(3165, 'Diourbel', 192),
(3166, 'Fatick', 192),
(3167, 'Kaolack', 192),
(3168, 'Kolda', 192),
(3169, 'Louga', 192),
(3170, 'Saint-Louis', 192),
(3171, 'Tambacounda', 192),
(3172, 'Thies', 192),
(3173, 'Ziguinchor', 192),
(3174, 'Central Serbia', 193),
(3175, 'Kosovo and Metohija', 193),
(3176, 'Vojvodina', 193),
(3177, 'Anse Boileau', 194),
(3178, 'Anse Royale', 194),
(3179, 'Cascade', 194),
(3180, 'Takamaka', 194),
(3181, 'Victoria', 194),
(3182, 'Eastern', 195),
(3183, 'Northern', 195),
(3184, 'Southern', 195),
(3185, 'Western', 195),
(3186, 'Singapore', 196),
(3187, 'Banskobystricky', 197),
(3188, 'Bratislavsky', 197),
(3189, 'Kosicky', 197),
(3190, 'Nitriansky', 197),
(3191, 'Presovsky', 197),
(3192, 'Trenciansky', 197),
(3193, 'Trnavsky', 197),
(3194, 'Zilinsky', 197),
(3195, 'Benedikt', 198),
(3196, 'Gorenjska', 198),
(3197, 'Gorishka', 198),
(3198, 'Jugovzhodna Slovenija', 198),
(3199, 'Koroshka', 198),
(3200, 'Notranjsko-krashka', 198),
(3201, 'Obalno-krashka', 198),
(3202, 'Obcina Domzale', 198),
(3203, 'Obcina Vitanje', 198),
(3204, 'Osrednjeslovenska', 198),
(3205, 'Podravska', 198),
(3206, 'Pomurska', 198),
(3207, 'Savinjska', 198),
(3208, 'Slovenian Littoral', 198),
(3209, 'Spodnjeposavska', 198),
(3210, 'Zasavska', 198),
(3211, 'Pitcairn', 199),
(3212, 'Central', 200),
(3213, 'Choiseul', 200),
(3214, 'Guadalcanal', 200),
(3215, 'Isabel', 200),
(3216, 'Makira and Ulawa', 200),
(3217, 'Malaita', 200),
(3218, 'Rennell and Bellona', 200),
(3219, 'Temotu', 200),
(3220, 'Western', 200),
(3221, 'Awdal', 201),
(3222, 'Bakol', 201),
(3223, 'Banadir', 201),
(3224, 'Bari', 201),
(3225, 'Bay', 201),
(3226, 'Galgudug', 201),
(3227, 'Gedo', 201),
(3228, 'Hiran', 201),
(3229, 'Jubbada Hose', 201),
(3230, 'Jubbadha Dexe', 201),
(3231, 'Mudug', 201),
(3232, 'Nugal', 201),
(3233, 'Sanag', 201),
(3234, 'Shabellaha Dhexe', 201),
(3235, 'Shabellaha Hose', 201),
(3236, 'Togdher', 201),
(3237, 'Woqoyi Galbed', 201),
(3238, 'Eastern Cape', 202),
(3239, 'Free State', 202),
(3240, 'Gauteng', 202),
(3241, 'Kempton Park', 202),
(3242, 'Kramerville', 202),
(3243, 'KwaZulu Natal', 202),
(3244, 'Limpopo', 202),
(3245, 'Mpumalanga', 202),
(3246, 'North West', 202),
(3247, 'Northern Cape', 202),
(3248, 'Parow', 202),
(3249, 'Table View', 202),
(3250, 'Umtentweni', 202),
(3251, 'Western Cape', 202),
(3252, 'South Georgia', 203),
(3253, 'Central Equatoria', 204),
(3254, 'A Coruna', 205),
(3255, 'Alacant', 205),
(3256, 'Alava', 205),
(3257, 'Albacete', 205),
(3258, 'Almeria', 205),
(3260, 'Asturias', 205),
(3261, 'Avila', 205),
(3262, 'Badajoz', 205),
(3263, 'Balears', 205),
(3264, 'Barcelona', 205),
(3267, 'Burgos', 205),
(3268, 'Caceres', 205),
(3269, 'Cadiz', 205),
(3270, 'Cantabria', 205),
(3271, 'Castello', 205),
(3273, 'Ceuta', 205),
(3274, 'Ciudad Real', 205),
(3281, 'Cordoba', 205),
(3282, 'Cuenca', 205),
(3284, 'Girona', 205),
(3285, 'Granada', 205),
(3286, 'Guadalajara', 205),
(3287, 'Guipuzcoa', 205),
(3288, 'Huelva', 205),
(3289, 'Huesca', 205),
(3290, 'Jaen', 205),
(3291, 'La Rioja', 205),
(3292, 'Las Palmas', 205),
(3293, 'Leon', 205),
(3295, 'Lleida', 205),
(3296, 'Lugo', 205),
(3297, 'Madrid', 205),
(3298, 'Malaga', 205),
(3299, 'Melilla', 205),
(3300, 'Murcia', 205),
(3301, 'Navarra', 205),
(3302, 'Ourense', 205),
(3303, 'Pais Vasco', 205),
(3304, 'Palencia', 205),
(3305, 'Pontevedra', 205),
(3306, 'Salamanca', 205),
(3308, 'Segovia', 205),
(3309, 'Sevilla', 205),
(3310, 'Soria', 205),
(3311, 'Tarragona', 205),
(3312, 'Santa Cruz de Tenerife', 205),
(3313, 'Teruel', 205),
(3314, 'Toledo', 205),
(3315, 'Valencia', 205),
(3316, 'Valladolid', 205),
(3317, 'Vizcaya', 205),
(3318, 'Zamora', 205),
(3319, 'Zaragoza', 205),
(3320, 'Amparai', 206),
(3321, 'Anuradhapuraya', 206),
(3322, 'Badulla', 206),
(3323, 'Boralesgamuwa', 206),
(3324, 'Colombo', 206),
(3325, 'Galla', 206),
(3326, 'Gampaha', 206),
(3327, 'Hambantota', 206),
(3328, 'Kalatura', 206),
(3329, 'Kegalla', 206),
(3330, 'Kilinochchi', 206),
(3331, 'Kurunegala', 206),
(3332, 'Madakalpuwa', 206),
(3333, 'Maha Nuwara', 206),
(3334, 'Malwana', 206),
(3335, 'Mannarama', 206),
(3336, 'Matale', 206),
(3337, 'Matara', 206),
(3338, 'Monaragala', 206),
(3339, 'Mullaitivu', 206),
(3340, 'North Eastern Province', 206),
(3341, 'North Western Province', 206),
(3342, 'Nuwara Eliya', 206),
(3343, 'Polonnaruwa', 206),
(3344, 'Puttalama', 206),
(3345, 'Ratnapuraya', 206),
(3346, 'Southern Province', 206),
(3347, 'Tirikunamalaya', 206),
(3348, 'Tuscany', 206),
(3349, 'Vavuniyawa', 206),
(3350, 'Western Province', 206),
(3351, 'Yapanaya', 206),
(3352, 'kadawatha', 206),
(3353, 'A\'ali-an-Nil', 207),
(3354, 'Bahr-al-Jabal', 207),
(3355, 'Central Equatoria', 207),
(3356, 'Gharb Bahr-al-Ghazal', 207),
(3357, 'Gharb Darfur', 207),
(3358, 'Gharb Kurdufan', 207),
(3359, 'Gharb-al-Istiwa\'iyah', 207),
(3360, 'Janub Darfur', 207),
(3361, 'Janub Kurdufan', 207),
(3362, 'Junqali', 207),
(3363, 'Kassala', 207),
(3364, 'Nahr-an-Nil', 207),
(3365, 'Shamal Bahr-al-Ghazal', 207),
(3366, 'Shamal Darfur', 207),
(3367, 'Shamal Kurdufan', 207),
(3368, 'Sharq-al-Istiwa\'iyah', 207),
(3369, 'Sinnar', 207),
(3370, 'Warab', 207),
(3371, 'Wilayat al Khartum', 207),
(3372, 'al-Bahr-al-Ahmar', 207),
(3373, 'al-Buhayrat', 207),
(3374, 'al-Jazirah', 207),
(3375, 'al-Khartum', 207),
(3376, 'al-Qadarif', 207),
(3377, 'al-Wahdah', 207),
(3378, 'an-Nil-al-Abyad', 207),
(3379, 'an-Nil-al-Azraq', 207),
(3380, 'ash-Shamaliyah', 207),
(3381, 'Brokopondo', 208),
(3382, 'Commewijne', 208),
(3383, 'Coronie', 208),
(3384, 'Marowijne', 208),
(3385, 'Nickerie', 208),
(3386, 'Para', 208),
(3387, 'Paramaribo', 208),
(3388, 'Saramacca', 208),
(3389, 'Wanica', 208),
(3390, 'Svalbard', 209),
(3391, 'Hhohho', 210),
(3392, 'Lubombo', 210),
(3393, 'Manzini', 210),
(3394, 'Shiselweni', 210),
(3395, 'Alvsborgs Lan', 211),
(3396, 'Angermanland', 211),
(3397, 'Blekinge', 211),
(3398, 'Bohuslan', 211),
(3399, 'Dalarna', 211),
(3400, 'Gavleborg', 211),
(3401, 'Gaza', 211),
(3402, 'Gotland', 211),
(3403, 'Halland', 211),
(3404, 'Jamtland', 211),
(3405, 'Jonkoping', 211),
(3406, 'Kalmar', 211),
(3407, 'Kristianstads', 211),
(3408, 'Kronoberg', 211),
(3409, 'Norrbotten', 211),
(3410, 'Orebro', 211),
(3411, 'Ostergotland', 211),
(3412, 'Saltsjo-Boo', 211),
(3413, 'Skane', 211),
(3414, 'Smaland', 211),
(3415, 'Sodermanland', 211),
(3416, 'Stockholm', 211),
(3417, 'Uppsala', 211),
(3418, 'Varmland', 211),
(3419, 'Vasterbotten', 211),
(3420, 'Vastergotland', 211),
(3421, 'Vasternorrland', 211),
(3422, 'Vastmanland', 211),
(3423, 'Vastra Gotaland', 211),
(3424, 'Aargau', 212),
(3425, 'Appenzell Inner-Rhoden', 212),
(3426, 'Appenzell-Ausser Rhoden', 212),
(3427, 'Basel-Landschaft', 212),
(3428, 'Basel-Stadt', 212),
(3429, 'Bern', 212),
(3430, 'Canton Ticino', 212),
(3431, 'Fribourg', 212),
(3432, 'Geneve', 212),
(3433, 'Glarus', 212),
(3434, 'Graubunden', 212),
(3435, 'Heerbrugg', 212),
(3436, 'Jura', 212),
(3437, 'Kanton Aargau', 212),
(3438, 'Luzern', 212),
(3439, 'Morbio Inferiore', 212),
(3440, 'Muhen', 212),
(3441, 'Neuchatel', 212),
(3442, 'Nidwalden', 212),
(3443, 'Obwalden', 212),
(3444, 'Sankt Gallen', 212),
(3445, 'Schaffhausen', 212),
(3446, 'Schwyz', 212),
(3447, 'Solothurn', 212),
(3448, 'Thurgau', 212),
(3449, 'Ticino', 212),
(3450, 'Uri', 212),
(3451, 'Valais', 212),
(3452, 'Vaud', 212),
(3453, 'Vauffelin', 212),
(3454, 'Zug', 212),
(3455, 'Zurich', 212),
(3456, 'Aleppo', 213),
(3457, 'Dar\'a', 213),
(3458, 'Dayr-az-Zawr', 213),
(3459, 'Dimashq', 213),
(3460, 'Halab', 213),
(3461, 'Hamah', 213),
(3462, 'Hims', 213),
(3463, 'Idlib', 213),
(3464, 'Madinat Dimashq', 213),
(3465, 'Tartus', 213),
(3466, 'al-Hasakah', 213),
(3467, 'al-Ladhiqiyah', 213),
(3468, 'al-Qunaytirah', 213),
(3469, 'ar-Raqqah', 213),
(3470, 'as-Suwayda', 213),
(3471, 'Changhua County', 214),
(3472, 'Chiayi County', 214),
(3473, 'Chiayi City', 214),
(3474, 'Taipei City', 214),
(3475, 'Hsinchu County', 214),
(3476, 'Hsinchu City', 214),
(3477, 'Hualien County', 214),
(3480, 'Kaohsiung City', 214),
(3481, 'Keelung City', 214),
(3482, 'Kinmen County', 214),
(3483, 'Miaoli County', 214),
(3484, 'Nantou County', 214),
(3486, 'Penghu County', 214),
(3487, 'Pingtung County', 214),
(3488, 'Taichung City', 214),
(3492, 'Tainan City', 214),
(3493, 'New Taipei City', 214),
(3495, 'Taitung County', 214),
(3496, 'Taoyuan City', 214),
(3497, 'Yilan County', 214),
(3498, 'YunLin County', 214),
(3500, 'Dushanbe', 215),
(3501, 'Gorno-Badakhshan', 215),
(3502, 'Karotegin', 215),
(3503, 'Khatlon', 215),
(3504, 'Sughd', 215),
(3505, 'Arusha', 216),
(3506, 'Dar es Salaam', 216),
(3507, 'Dodoma', 216),
(3508, 'Iringa', 216),
(3509, 'Kagera', 216),
(3510, 'Kigoma', 216),
(3511, 'Kilimanjaro', 216),
(3512, 'Lindi', 216),
(3513, 'Mara', 216),
(3514, 'Mbeya', 216),
(3515, 'Morogoro', 216),
(3516, 'Mtwara', 216),
(3517, 'Mwanza', 216),
(3518, 'Pwani', 216),
(3519, 'Rukwa', 216),
(3520, 'Ruvuma', 216),
(3521, 'Shinyanga', 216),
(3522, 'Singida', 216),
(3523, 'Tabora', 216),
(3524, 'Tanga', 216),
(3525, 'Zanzibar and Pemba', 216),
(3526, 'Amnat Charoen', 217),
(3527, 'Ang Thong', 217),
(3528, 'Bangkok', 217),
(3529, 'Buri Ram', 217),
(3530, 'Chachoengsao', 217),
(3531, 'Chai Nat', 217),
(3532, 'Chaiyaphum', 217),
(3533, 'Changwat Chaiyaphum', 217),
(3534, 'Chanthaburi', 217),
(3535, 'Chiang Mai', 217),
(3536, 'Chiang Rai', 217),
(3537, 'Chon Buri', 217),
(3538, 'Chumphon', 217),
(3539, 'Kalasin', 217),
(3540, 'Kamphaeng Phet', 217),
(3541, 'Kanchanaburi', 217),
(3542, 'Khon Kaen', 217),
(3543, 'Krabi', 217),
(3544, 'Krung Thep', 217),
(3545, 'Lampang', 217),
(3546, 'Lamphun', 217),
(3547, 'Loei', 217),
(3548, 'Lop Buri', 217),
(3549, 'Mae Hong Son', 217),
(3550, 'Maha Sarakham', 217),
(3551, 'Mukdahan', 217),
(3552, 'Nakhon Nayok', 217),
(3553, 'Nakhon Pathom', 217),
(3554, 'Nakhon Phanom', 217),
(3555, 'Nakhon Ratchasima', 217),
(3556, 'Nakhon Sawan', 217),
(3557, 'Nakhon Si Thammarat', 217),
(3558, 'Nan', 217),
(3559, 'Narathiwat', 217),
(3560, 'Nong Bua Lam Phu', 217),
(3561, 'Nong Khai', 217),
(3562, 'Nonthaburi', 217),
(3563, 'Pathum Thani', 217),
(3564, 'Pattani', 217),
(3565, 'Phangnga', 217),
(3566, 'Phatthalung', 217),
(3567, 'Phayao', 217),
(3568, 'Phetchabun', 217),
(3569, 'Phetchaburi', 217),
(3570, 'Phichit', 217),
(3571, 'Phitsanulok', 217),
(3572, 'Phra Nakhon Si Ayutthaya', 217),
(3573, 'Phrae', 217),
(3574, 'Phuket', 217),
(3575, 'Prachin Buri', 217),
(3576, 'Prachuap Khiri Khan', 217),
(3577, 'Ranong', 217),
(3578, 'Ratchaburi', 217),
(3579, 'Rayong', 217),
(3580, 'Roi Et', 217),
(3581, 'Sa Kaeo', 217),
(3582, 'Sakon Nakhon', 217),
(3583, 'Samut Prakan', 217),
(3584, 'Samut Sakhon', 217),
(3585, 'Samut Songkhran', 217),
(3586, 'Saraburi', 217),
(3587, 'Satun', 217),
(3588, 'Si Sa Ket', 217),
(3589, 'Sing Buri', 217),
(3590, 'Songkhla', 217),
(3591, 'Sukhothai', 217),
(3592, 'Suphan Buri', 217),
(3593, 'Surat Thani', 217),
(3594, 'Surin', 217),
(3595, 'Tak', 217),
(3596, 'Trang', 217),
(3597, 'Trat', 217),
(3598, 'Ubon Ratchathani', 217),
(3599, 'Udon Thani', 217),
(3600, 'Uthai Thani', 217),
(3601, 'Uttaradit', 217),
(3602, 'Yala', 217),
(3603, 'Yasothon', 217),
(3604, 'Centre', 218),
(3605, 'Kara', 218),
(3606, 'Maritime', 218),
(3607, 'Plateaux', 218),
(3608, 'Savanes', 218),
(3609, 'Atafu', 219),
(3610, 'Fakaofo', 219),
(3611, 'Nukunonu', 219),
(3612, 'Eua', 220),
(3613, 'Ha\'apai', 220),
(3614, 'Niuas', 220),
(3615, 'Tongatapu', 220),
(3616, 'Vava\'u', 220),
(3617, 'Arima-Tunapuna-Piarco', 221),
(3618, 'Caroni', 221),
(3619, 'Chaguanas', 221),
(3620, 'Couva-Tabaquite-Talparo', 221),
(3621, 'Diego Martin', 221),
(3622, 'Glencoe', 221),
(3623, 'Penal Debe', 221),
(3624, 'Point Fortin', 221),
(3625, 'Port of Spain', 221),
(3626, 'Princes Town', 221),
(3627, 'Saint George', 221),
(3628, 'San Fernando', 221),
(3629, 'San Juan', 221),
(3630, 'Sangre Grande', 221),
(3631, 'Siparia', 221),
(3632, 'Tobago', 221),
(3633, 'Aryanah', 222),
(3634, 'Bajah', 222),
(3635, 'Bin \'Arus', 222),
(3636, 'Binzart', 222),
(3637, 'Gouvernorat de Ariana', 222),
(3638, 'Gouvernorat de Nabeul', 222),
(3639, 'Gouvernorat de Sousse', 222),
(3640, 'Hammamet Yasmine', 222),
(3641, 'Jundubah', 222),
(3642, 'Madaniyin', 222),
(3643, 'Manubah', 222),
(3644, 'Monastir', 222),
(3645, 'Nabul', 222),
(3646, 'Qabis', 222),
(3647, 'Qafsah', 222),
(3648, 'Qibili', 222),
(3649, 'Safaqis', 222),
(3650, 'Sfax', 222),
(3651, 'Sidi Bu Zayd', 222),
(3652, 'Silyanah', 222),
(3653, 'Susah', 222),
(3654, 'Tatawin', 222),
(3655, 'Tawzar', 222),
(3656, 'Tunis', 222),
(3657, 'Zaghwan', 222),
(3658, 'al-Kaf', 222),
(3659, 'al-Mahdiyah', 222),
(3660, 'al-Munastir', 222),
(3661, 'al-Qasrayn', 222),
(3662, 'al-Qayrawan', 222),
(3663, 'Adana', 223),
(3664, 'Adiyaman', 223),
(3665, 'Afyon', 223),
(3666, 'Agri', 223),
(3667, 'Aksaray', 223),
(3668, 'Amasya', 223),
(3669, 'Ankara', 223),
(3670, 'Antalya', 223),
(3671, 'Ardahan', 223),
(3672, 'Artvin', 223),
(3673, 'Aydin', 223),
(3674, 'Balikesir', 223),
(3675, 'Bartin', 223),
(3676, 'Batman', 223),
(3677, 'Bayburt', 223),
(3678, 'Bilecik', 223),
(3679, 'Bingol', 223),
(3680, 'Bitlis', 223),
(3681, 'Bolu', 223),
(3682, 'Burdur', 223),
(3683, 'Bursa', 223),
(3684, 'Canakkale', 223),
(3685, 'Cankiri', 223),
(3686, 'Corum', 223),
(3687, 'Denizli', 223),
(3688, 'Diyarbakir', 223),
(3689, 'Duzce', 223),
(3690, 'Edirne', 223),
(3691, 'Elazig', 223),
(3692, 'Erzincan', 223),
(3693, 'Erzurum', 223),
(3694, 'Eskisehir', 223),
(3695, 'Gaziantep', 223),
(3696, 'Giresun', 223),
(3697, 'Gumushane', 223),
(3698, 'Hakkari', 223),
(3699, 'Hatay', 223),
(3700, 'Icel', 223),
(3701, 'Igdir', 223),
(3702, 'Isparta', 223),
(3703, 'Istanbul', 223),
(3704, 'Izmir', 223),
(3705, 'Kahramanmaras', 223),
(3706, 'Karabuk', 223),
(3707, 'Karaman', 223),
(3708, 'Kars', 223),
(3709, 'Karsiyaka', 223),
(3710, 'Kastamonu', 223),
(3711, 'Kayseri', 223),
(3712, 'Kilis', 223),
(3713, 'Kirikkale', 223),
(3714, 'Kirklareli', 223),
(3715, 'Kirsehir', 223),
(3716, 'Kocaeli', 223),
(3717, 'Konya', 223),
(3718, 'Kutahya', 223),
(3719, 'Lefkosa', 223),
(3720, 'Malatya', 223),
(3721, 'Manisa', 223),
(3722, 'Mardin', 223),
(3723, 'Mugla', 223),
(3724, 'Mus', 223),
(3725, 'Nevsehir', 223),
(3726, 'Nigde', 223),
(3727, 'Ordu', 223),
(3728, 'Osmaniye', 223),
(3729, 'Rize', 223),
(3730, 'Sakarya', 223),
(3731, 'Samsun', 223),
(3732, 'Sanliurfa', 223),
(3733, 'Siirt', 223),
(3734, 'Sinop', 223),
(3735, 'Sirnak', 223),
(3736, 'Sivas', 223),
(3737, 'Tekirdag', 223),
(3738, 'Tokat', 223),
(3739, 'Trabzon', 223),
(3740, 'Tunceli', 223),
(3741, 'Usak', 223),
(3742, 'Van', 223),
(3743, 'Yalova', 223),
(3744, 'Yozgat', 223),
(3745, 'Zonguldak', 223),
(3746, 'Ahal', 224),
(3747, 'Asgabat', 224),
(3748, 'Balkan', 224),
(3749, 'Dasoguz', 224),
(3750, 'Lebap', 224),
(3751, 'Mari', 224),
(3752, 'Grand Turk', 225),
(3753, 'South Caicos and East Caicos', 225),
(3754, 'Funafuti', 226),
(3755, 'Nanumanga', 226),
(3756, 'Nanumea', 226),
(3757, 'Niutao', 226),
(3758, 'Nui', 226),
(3759, 'Nukufetau', 226),
(3760, 'Nukulaelae', 226),
(3761, 'Vaitupu', 226),
(3762, 'Central', 227),
(3763, 'Eastern', 227),
(3764, 'Northern', 227),
(3765, 'Western', 227),
(3766, 'Cherkas\'ka', 228),
(3767, 'Chernihivs\'ka', 228),
(3768, 'Chernivets\'ka', 228),
(3769, 'Crimea', 228),
(3770, 'Dnipropetrovska', 228),
(3771, 'Donets\'ka', 228),
(3772, 'Ivano-Frankivs\'ka', 228),
(3773, 'Kharkiv', 228),
(3774, 'Kharkov', 228),
(3775, 'Khersonska', 228),
(3776, 'Khmel\'nyts\'ka', 228),
(3777, 'Kirovohrad', 228),
(3778, 'Krym', 228),
(3779, 'Kyyiv', 228),
(3780, 'Kyyivs\'ka', 228),
(3781, 'L\'vivs\'ka', 228),
(3782, 'Luhans\'ka', 228),
(3783, 'Mykolayivs\'ka', 228),
(3784, 'Odes\'ka', 228),
(3785, 'Odessa', 228),
(3786, 'Poltavs\'ka', 228),
(3787, 'Rivnens\'ka', 228),
(3788, 'Sevastopol\'', 228),
(3789, 'Sums\'ka', 228),
(3790, 'Ternopil\'s\'ka', 228),
(3791, 'Volyns\'ka', 228),
(3792, 'Vynnyts\'ka', 228),
(3793, 'Zakarpats\'ka', 228),
(3794, 'Zaporizhia', 228),
(3795, 'Zhytomyrs\'ka', 228),
(3796, 'Abu Zabi', 229),
(3797, 'Ajman', 229),
(3798, 'Dubai', 229),
(3799, 'Ras al-Khaymah', 229),
(3800, 'Sharjah', 229),
(3801, 'Sharjha', 229),
(3802, 'Umm al Qaywayn', 229),
(3803, 'al-Fujayrah', 229),
(3804, 'ash-Shariqah', 229),
(3805, 'Aberdeen', 230),
(3806, 'Aberdeenshire', 230),
(3807, 'Argyll', 230),
(3808, 'Armagh', 230),
(3809, 'Bedfordshire', 230),
(3810, 'Belfast', 230),
(3811, 'Berkshire', 230),
(3812, 'Birmingham', 230),
(3813, 'Brechin', 230),
(3814, 'Bridgnorth', 230),
(3815, 'Bristol', 230),
(3816, 'Buckinghamshire', 230),
(3817, 'Cambridge', 230),
(3818, 'Cambridgeshire', 230),
(3819, 'Channel Islands', 230),
(3820, 'Cheshire', 230),
(3821, 'Cleveland', 230),
(3822, 'Co Fermanagh', 230),
(3823, 'Conwy', 230),
(3824, 'Cornwall', 230),
(3825, 'Coventry', 230),
(3826, 'Craven Arms', 230),
(3827, 'Cumbria', 230),
(3828, 'Denbighshire', 230),
(3829, 'Derby', 230),
(3830, 'Derbyshire', 230),
(3831, 'Devon', 230),
(3832, 'Dial Code Dungannon', 230),
(3833, 'Didcot', 230),
(3834, 'Dorset', 230),
(3835, 'Dunbartonshire', 230),
(3836, 'Durham', 230),
(3837, 'East Dunbartonshire', 230),
(3838, 'East Lothian', 230),
(3839, 'East Midlands', 230),
(3840, 'East Sussex', 230),
(3841, 'East Yorkshire', 230),
(3842, 'England', 230),
(3843, 'Essex', 230),
(3844, 'Fermanagh', 230),
(3845, 'Fife', 230),
(3846, 'Flintshire', 230),
(3847, 'Fulham', 230),
(3848, 'Gainsborough', 230),
(3849, 'Glocestershire', 230),
(3850, 'Gwent', 230),
(3851, 'Hampshire', 230),
(3852, 'Hants', 230),
(3853, 'Herefordshire', 230),
(3854, 'Hertfordshire', 230),
(3855, 'Ireland', 230),
(3856, 'Isle Of Man', 230),
(3857, 'Isle of Wight', 230),
(3858, 'Kenford', 230),
(3859, 'Kent', 230),
(3860, 'Kilmarnock', 230),
(3861, 'Lanarkshire', 230),
(3862, 'Lancashire', 230),
(3863, 'Leicestershire', 230),
(3864, 'Lincolnshire', 230),
(3865, 'Llanymynech', 230),
(3866, 'London', 230),
(3867, 'Ludlow', 230),
(3868, 'Manchester', 230),
(3869, 'Mayfair', 230),
(3870, 'Merseyside', 230),
(3871, 'Mid Glamorgan', 230),
(3872, 'Middlesex', 230),
(3873, 'Mildenhall', 230),
(3874, 'Monmouthshire', 230),
(3875, 'Newton Stewart', 230),
(3876, 'Norfolk', 230),
(3877, 'North Humberside', 230),
(3878, 'North Yorkshire', 230),
(3879, 'Northamptonshire', 230),
(3880, 'Northants', 230),
(3881, 'Northern Ireland', 230),
(3882, 'Northumberland', 230),
(3883, 'Nottinghamshire', 230),
(3884, 'Oxford', 230),
(3885, 'Powys', 230),
(3886, 'Roos-shire', 230),
(3887, 'SUSSEX', 230),
(3888, 'Sark', 230),
(3889, 'Scotland', 230),
(3890, 'Scottish Borders', 230),
(3891, 'Shropshire', 230),
(3892, 'Somerset', 230),
(3893, 'South Glamorgan', 230),
(3894, 'South Wales', 230),
(3895, 'South Yorkshire', 230),
(3896, 'Southwell', 230),
(3897, 'Staffordshire', 230),
(3898, 'Strabane', 230),
(3899, 'Suffolk', 230),
(3900, 'Surrey', 230),
(3901, 'Sussex', 230),
(3902, 'Twickenham', 230),
(3903, 'Tyne and Wear', 230),
(3904, 'Tyrone', 230),
(3905, 'Utah', 230),
(3906, 'Wales', 230),
(3907, 'Warwickshire', 230),
(3908, 'West Lothian', 230),
(3909, 'West Midlands', 230),
(3910, 'West Sussex', 230),
(3911, 'West Yorkshire', 230),
(3912, 'Whissendine', 230),
(3913, 'Wiltshire', 230),
(3914, 'Wokingham', 230),
(3915, 'Worcestershire', 230),
(3916, 'Wrexham', 230),
(3917, 'Wurttemberg', 230),
(3918, 'Yorkshire', 230),
(3919, 'Alabama', 231),
(3920, 'Alaska', 231),
(3921, 'Arizona', 231),
(3922, 'Arkansas', 231),
(3923, 'Byram', 231),
(3924, 'California', 231),
(3925, 'Cokato', 231),
(3926, 'Colorado', 231),
(3927, 'Connecticut', 231),
(3928, 'Delaware', 231),
(3929, 'District of Columbia', 231),
(3930, 'Florida', 231),
(3931, 'Georgia', 231),
(3932, 'Hawaii', 231),
(3933, 'Idaho', 231),
(3934, 'Illinois', 231),
(3935, 'Indiana', 231),
(3936, 'Iowa', 231),
(3937, 'Kansas', 231),
(3938, 'Kentucky', 231),
(3939, 'Louisiana', 231),
(3940, 'Lowa', 231),
(3941, 'Maine', 231),
(3942, 'Maryland', 231),
(3943, 'Massachusetts', 231),
(3944, 'Medfield', 231),
(3945, 'Michigan', 231),
(3946, 'Minnesota', 231),
(3947, 'Mississippi', 231),
(3948, 'Missouri', 231),
(3949, 'Montana', 231),
(3950, 'Nebraska', 231),
(3951, 'Nevada', 231),
(3952, 'New Hampshire', 231),
(3953, 'New Jersey', 231),
(3954, 'New Jersy', 231),
(3955, 'New Mexico', 231),
(3956, 'New York', 231),
(3957, 'North Carolina', 231),
(3958, 'North Dakota', 231),
(3959, 'Ohio', 231),
(3960, 'Oklahoma', 231),
(3961, 'Ontario', 231),
(3962, 'Oregon', 231),
(3963, 'Pennsylvania', 231),
(3964, 'Ramey', 231),
(3965, 'Rhode Island', 231),
(3966, 'South Carolina', 231),
(3967, 'South Dakota', 231),
(3968, 'Sublimity', 231),
(3969, 'Tennessee', 231),
(3970, 'Texas', 231),
(3971, 'Trimble', 231),
(3972, 'Utah', 231),
(3973, 'Vermont', 231),
(3974, 'Virginia', 231),
(3975, 'Washington', 231),
(3976, 'West Virginia', 231),
(3977, 'Wisconsin', 231),
(3978, 'Wyoming', 231),
(3979, 'United States Minor Outlying I', 232),
(3980, 'Artigas', 233),
(3981, 'Canelones', 233),
(3982, 'Cerro Largo', 233),
(3983, 'Colonia', 233),
(3984, 'Durazno', 233),
(3985, 'FLorida', 233),
(3986, 'Flores', 233),
(3987, 'Lavalleja', 233),
(3988, 'Maldonado', 233),
(3989, 'Montevideo', 233),
(3990, 'Paysandu', 233),
(3991, 'Rio Negro', 233),
(3992, 'Rivera', 233),
(3993, 'Rocha', 233),
(3994, 'Salto', 233),
(3995, 'San Jose', 233),
(3996, 'Soriano', 233),
(3997, 'Tacuarembo', 233),
(3998, 'Treinta y Tres', 233),
(3999, 'Andijon', 234),
(4000, 'Buhoro', 234),
(4001, 'Buxoro Viloyati', 234),
(4002, 'Cizah', 234),
(4003, 'Fargona', 234),
(4004, 'Horazm', 234),
(4005, 'Kaskadar', 234),
(4006, 'Korakalpogiston', 234),
(4007, 'Namangan', 234),
(4008, 'Navoi', 234),
(4009, 'Samarkand', 234),
(4010, 'Sirdare', 234),
(4011, 'Surhondar', 234),
(4012, 'Toskent', 234),
(4013, 'Malampa', 235),
(4014, 'Penama', 235),
(4015, 'Sanma', 235),
(4016, 'Shefa', 235),
(4017, 'Tafea', 235),
(4018, 'Torba', 235),
(4019, 'Vatican City State (Holy See)', 236),
(4020, 'Amazonas', 237),
(4021, 'Anzoategui', 237),
(4022, 'Apure', 237),
(4023, 'Aragua', 237),
(4024, 'Barinas', 237),
(4025, 'Bolivar', 237),
(4026, 'Carabobo', 237),
(4027, 'Cojedes', 237),
(4028, 'Delta Amacuro', 237),
(4029, 'Distrito Federal', 237),
(4030, 'Falcon', 237),
(4031, 'Guarico', 237),
(4032, 'Lara', 237),
(4033, 'Merida', 237),
(4034, 'Miranda', 237),
(4035, 'Monagas', 237),
(4036, 'Nueva Esparta', 237),
(4037, 'Portuguesa', 237),
(4038, 'Sucre', 237),
(4039, 'Tachira', 237),
(4040, 'Trujillo', 237),
(4041, 'Vargas', 237),
(4042, 'Yaracuy', 237),
(4043, 'Zulia', 237),
(4044, 'Bac Giang', 238),
(4045, 'Binh Dinh', 238),
(4046, 'Binh Duong', 238),
(4047, 'Da Nang', 238),
(4048, 'Dong Bang Song Cuu Long', 238),
(4049, 'Dong Bang Song Hong', 238),
(4050, 'Dong Nai', 238),
(4051, 'Dong Nam Bo', 238),
(4052, 'Duyen Hai Mien Trung', 238),
(4053, 'Hanoi', 238),
(4054, 'Hung Yen', 238),
(4055, 'Khu Bon Cu', 238),
(4056, 'Long An', 238),
(4057, 'Mien Nui Va Trung Du', 238),
(4058, 'Thai Nguyen', 238),
(4059, 'Thanh Pho Ho Chi Minh', 238),
(4060, 'Thu Do Ha Noi', 238),
(4061, 'Tinh Can Tho', 238),
(4062, 'Tinh Da Nang', 238),
(4063, 'Tinh Gia Lai', 238),
(4064, 'Anegada', 239),
(4065, 'Jost van Dyke', 239),
(4066, 'Tortola', 239),
(4067, 'Saint Croix', 240),
(4068, 'Saint John', 240),
(4069, 'Saint Thomas', 240),
(4070, 'Alo', 241),
(4071, 'Singave', 241),
(4072, 'Wallis', 241),
(4073, 'Bu Jaydur', 242),
(4074, 'Wad-adh-Dhahab', 242),
(4075, 'al-\'Ayun', 242),
(4076, 'as-Samarah', 242),
(4077, '\'Adan', 243),
(4078, 'Abyan', 243),
(4079, 'Dhamar', 243),
(4080, 'Hadramaut', 243),
(4081, 'Hajjah', 243),
(4082, 'Hudaydah', 243),
(4083, 'Ibb', 243),
(4084, 'Lahij', 243),
(4085, 'Ma\'rib', 243),
(4086, 'Madinat San\'a', 243),
(4087, 'Sa\'dah', 243),
(4088, 'Sana', 243),
(4089, 'Shabwah', 243),
(4090, 'Ta\'izz', 243),
(4091, 'al-Bayda', 243),
(4092, 'al-Hudaydah', 243),
(4093, 'al-Jawf', 243),
(4094, 'al-Mahrah', 243),
(4095, 'al-Mahwit', 243),
(4096, 'Central Serbia', 244),
(4097, 'Kosovo and Metohija', 244),
(4098, 'Montenegro', 244),
(4099, 'Republic of Serbia', 244),
(4100, 'Serbia', 244),
(4101, 'Vojvodina', 244),
(4102, 'Central', 245),
(4103, 'Copperbelt', 245),
(4104, 'Eastern', 245),
(4105, 'Luapala', 245),
(4106, 'Lusaka', 245),
(4107, 'North-Western', 245),
(4108, 'Northern', 245),
(4109, 'Southern', 245),
(4110, 'Western', 245),
(4111, 'Bulawayo', 246),
(4112, 'Harare', 246),
(4113, 'Manicaland', 246),
(4114, 'Mashonaland Central', 246),
(4115, 'Mashonaland East', 246),
(4116, 'Mashonaland West', 246),
(4117, 'Masvingo', 246),
(4118, 'Matabeleland North', 246),
(4119, 'Matabeleland South', 246),
(4120, 'Midlands', 246),
(4121, 'Lienchiang County', 214);

-- --------------------------------------------------------

--
-- Table structure for table `users`
--

CREATE TABLE `users` (
  `id` bigint(20) UNSIGNED NOT NULL,
  `inviteCode` varchar(255) DEFAULT NULL,
  `ref_id` int(11) DEFAULT NULL,
  `employee_id` int(11) DEFAULT NULL,
  `role_id` int(11) DEFAULT NULL,
  `email` varchar(255) NOT NULL,
  `name` varchar(255) NOT NULL,
  `phone_number` varchar(225) DEFAULT NULL,
  `image` varchar(225) DEFAULT NULL,
  `doc_file` varchar(255) DEFAULT NULL,
  `address` varchar(225) DEFAULT NULL,
  `address_1` varchar(255) DEFAULT NULL,
  `address_2` varchar(255) DEFAULT NULL,
  `website` varchar(225) DEFAULT NULL,
  `github` varchar(225) DEFAULT NULL,
  `gender` varchar(50) DEFAULT NULL,
  `date_of_birth` date DEFAULT NULL,
  `twitter` varchar(225) DEFAULT NULL,
  `instagram` varchar(225) DEFAULT NULL,
  `nationality_id` int(11) DEFAULT NULL,
  `state_id` int(11) DEFAULT NULL,
  `otp` int(11) DEFAULT NULL,
  `facebook` varchar(225) DEFAULT NULL,
  `wallet_balance` decimal(10,2) DEFAULT NULL,
  `show_password` varchar(225) DEFAULT NULL,
  `password` varchar(255) NOT NULL,
  `with_show_password` varchar(255) DEFAULT NULL,
  `with_password` varchar(255) DEFAULT NULL,
  `email_verified_at` timestamp NULL DEFAULT NULL,
  `telegram` varchar(255) DEFAULT NULL,
  `whtsapp` varchar(255) DEFAULT NULL,
  `othersway_connect` varchar(255) DEFAULT NULL,
  `remember_token` varchar(100) DEFAULT NULL,
  `entry_by` int(11) DEFAULT NULL,
  `register_ip` varchar(255) DEFAULT NULL,
  `lastlogin_ip` varchar(255) DEFAULT NULL,
  `lastlogin_country` varchar(255) DEFAULT NULL,
  `lastlogin_datetime` datetime DEFAULT NULL,
  `created_at` timestamp NULL DEFAULT NULL,
  `updated_at` timestamp NULL DEFAULT NULL,
  `status` int(11) DEFAULT 1
) ENGINE=InnoDB DEFAULT CHARSET=utf8mb4 COLLATE=utf8mb4_unicode_ci;

--
-- Dumping data for table `users`
--

INSERT INTO `users` (`id`, `inviteCode`, `ref_id`, `employee_id`, `role_id`, `email`, `name`, `phone_number`, `image`, `doc_file`, `address`, `address_1`, `address_2`, `website`, `github`, `gender`, `date_of_birth`, `twitter`, `instagram`, `nationality_id`, `state_id`, `otp`, `facebook`, `wallet_balance`, `show_password`, `password`, `with_show_password`, `with_password`, `email_verified_at`, `telegram`, `whtsapp`, `othersway_connect`, `remember_token`, `entry_by`, `register_ip`, `lastlogin_ip`, `lastlogin_country`, `lastlogin_datetime`, `created_at`, `updated_at`, `status`) VALUES
(1, '0000123', NULL, 4, 1, 'admin@gmail.com', 'Admin', '000000001', '/backend/files/hZkagctUSINKsFU64UJr.png', NULL, 'Dhaka', '', '', 'http://localhost:3000/profile', 'http://localhost:3000/profile', '', '0000-00-00', 'http://localhost:3000/profile', 'http://localhost:3000/profile', 0, 0, NULL, 'http://localhost:3000/profile', NULL, 'admin', '$2y$10$S.DjOMlaQ1ZcTSm6zUzRKOZtDL7vO4ZI0ZjgCjSn/TvdpXpbl5eBu', NULL, NULL, NULL, NULL, NULL, NULL, NULL, 1, NULL, '127.0.0.1', '', '2024-04-20 09:00:42', '2023-06-22 03:20:43', '2024-04-20 03:00:42', 1),
(2, '4723177', 1, NULL, 2, 'mdbijon@gmail.com', 'mdbijon', NULL, NULL, NULL, NULL, NULL, NULL, NULL, NULL, NULL, NULL, NULL, NULL, NULL, NULL, 3042, NULL, NULL, 'mdbijon@gmail.com', '$2y$10$DWhbXUxYa5Sn.uNmW3z90OJ5tOZeIPRzNwQGzYQDJpgnSQaoTxZI.', NULL, NULL, NULL, NULL, NULL, NULL, NULL, NULL, '127.0.0.1', NULL, NULL, NULL, '2024-04-19 10:34:32', '2024-04-19 10:34:32', NULL),
(3, '2637763', 2, NULL, 2, 'jannat@gmail.com', 'jannat', NULL, NULL, NULL, NULL, NULL, NULL, NULL, NULL, NULL, NULL, NULL, NULL, NULL, NULL, NULL, NULL, NULL, 'jannat@gmail.com', '$2y$10$9F67Tuook.t/.jzs70OEb.3WBCY8KJNr1Ab9/3u5mO7bLnNzJiTk2', NULL, NULL, NULL, NULL, NULL, NULL, NULL, NULL, '127.0.0.1', NULL, NULL, NULL, '2024-04-19 22:11:03', '2024-04-19 22:11:03', NULL);

-- --------------------------------------------------------

--
-- Table structure for table `verifyemail`
--

CREATE TABLE `verifyemail` (
  `id` int(11) NOT NULL,
  `email` varchar(255) DEFAULT NULL,
  `code` varchar(255) DEFAULT NULL,
  `status` int(1) DEFAULT NULL COMMENT '1=active,0=inactive',
  `created_at` timestamp NOT NULL DEFAULT current_timestamp(),
  `updated_at` timestamp NOT NULL DEFAULT current_timestamp()
) ENGINE=InnoDB DEFAULT CHARSET=utf8mb4 COLLATE=utf8mb4_general_ci;

--
-- Dumping data for table `verifyemail`
--

INSERT INTO `verifyemail` (`id`, `email`, `code`, `status`, `created_at`, `updated_at`) VALUES
(1, 'mdbijon@gmail.com', '3042', 1, '2024-04-19 10:31:30', '2024-04-19 10:34:32');

-- --------------------------------------------------------

--
-- Table structure for table `withdraw`
--

CREATE TABLE `withdraw` (
  `id` int(11) NOT NULL,
  `withdrawID` varchar(255) DEFAULT NULL,
  `depscription` text DEFAULT NULL,
  `transection_fee` int(11) NOT NULL COMMENT '%',
  `receivable_amount` double(10,2) DEFAULT NULL,
  `user_id` int(11) DEFAULT NULL,
  `withdraw_amount` double(10,2) DEFAULT NULL,
  `payable_amount` double(10,2) DEFAULT NULL,
  `withdrawal_method_id` int(11) DEFAULT NULL,
  `password` varchar(255) DEFAULT NULL,
  `approved_by` int(11) DEFAULT NULL,
  `status` int(11) DEFAULT NULL COMMENT ' 	0=Review,2=Reject,1=Approved 	',
  `created_at` timestamp NULL DEFAULT current_timestamp(),
  `updated_at` timestamp NULL DEFAULT current_timestamp()
) ENGINE=InnoDB DEFAULT CHARSET=utf8mb4 COLLATE=utf8mb4_general_ci;

-- --------------------------------------------------------

--
-- Table structure for table `withdrawal_method`
--

CREATE TABLE `withdrawal_method` (
  `id` int(11) NOT NULL,
  `user_id` int(11) DEFAULT NULL,
  `currency_type_id` int(11) DEFAULT NULL,
  `wallet_address` varchar(255) DEFAULT NULL,
  `created_at` timestamp NULL DEFAULT current_timestamp(),
  `updated_at` timestamp NULL DEFAULT current_timestamp()
) ENGINE=InnoDB DEFAULT CHARSET=utf8mb4 COLLATE=utf8mb4_general_ci;

--
-- Indexes for dumped tables
--

--
-- Indexes for table `brands`
--
ALTER TABLE `brands`
  ADD PRIMARY KEY (`id`);

--
-- Indexes for table `categorys`
--
ALTER TABLE `categorys`
  ADD PRIMARY KEY (`id`);

--
-- Indexes for table `country`
--
ALTER TABLE `country`
  ADD PRIMARY KEY (`id`);

--
-- Indexes for table `currency_type`
--
ALTER TABLE `currency_type`
  ADD PRIMARY KEY (`id`);

--
-- Indexes for table `customer`
--
ALTER TABLE `customer`
  ADD PRIMARY KEY (`id`);

--
-- Indexes for table `deposit`
--
ALTER TABLE `deposit`
  ADD PRIMARY KEY (`id`);

--
-- Indexes for table `expense_history`
--
ALTER TABLE `expense_history`
  ADD PRIMARY KEY (`id`);

--
-- Indexes for table `failed_jobs`
--
ALTER TABLE `failed_jobs`
  ADD PRIMARY KEY (`id`),
  ADD UNIQUE KEY `failed_jobs_uuid_unique` (`uuid`);

--
-- Indexes for table `logs`
--
ALTER TABLE `logs`
  ADD PRIMARY KEY (`id`);

--
-- Indexes for table `mystore`
--
ALTER TABLE `mystore`
  ADD PRIMARY KEY (`id`);

--
-- Indexes for table `mystore_history`
--
ALTER TABLE `mystore_history`
  ADD PRIMARY KEY (`id`);

--
-- Indexes for table `orders`
--
ALTER TABLE `orders`
  ADD PRIMARY KEY (`id`);

--
-- Indexes for table `order_history`
--
ALTER TABLE `order_history`
  ADD PRIMARY KEY (`id`);

--
-- Indexes for table `order_status`
--
ALTER TABLE `order_status`
  ADD PRIMARY KEY (`id`);

--
-- Indexes for table `password_reset_tokens`
--
ALTER TABLE `password_reset_tokens`
  ADD PRIMARY KEY (`email`);

--
-- Indexes for table `personal_access_tokens`
--
ALTER TABLE `personal_access_tokens`
  ADD PRIMARY KEY (`id`),
  ADD UNIQUE KEY `personal_access_tokens_token_unique` (`token`),
  ADD KEY `personal_access_tokens_tokenable_type_tokenable_id_index` (`tokenable_type`,`tokenable_id`);

--
-- Indexes for table `posts`
--
ALTER TABLE `posts`
  ADD PRIMARY KEY (`id`);

--
-- Indexes for table `post_category`
--
ALTER TABLE `post_category`
  ADD PRIMARY KEY (`id`);

--
-- Indexes for table `product`
--
ALTER TABLE `product`
  ADD PRIMARY KEY (`id`);

--
-- Indexes for table `produc_categories`
--
ALTER TABLE `produc_categories`
  ADD PRIMARY KEY (`id`);

--
-- Indexes for table `produc_img_history`
--
ALTER TABLE `produc_img_history`
  ADD PRIMARY KEY (`id`);

--
-- Indexes for table `rule`
--
ALTER TABLE `rule`
  ADD PRIMARY KEY (`id`);

--
-- Indexes for table `service`
--
ALTER TABLE `service`
  ADD PRIMARY KEY (`id`);

--
-- Indexes for table `setting`
--
ALTER TABLE `setting`
  ADD PRIMARY KEY (`id`);

--
-- Indexes for table `sliders`
--
ALTER TABLE `sliders`
  ADD PRIMARY KEY (`id`);

--
-- Indexes for table `states`
--
ALTER TABLE `states`
  ADD PRIMARY KEY (`id`);

--
-- Indexes for table `users`
--
ALTER TABLE `users`
  ADD PRIMARY KEY (`id`),
  ADD UNIQUE KEY `email` (`email`);

--
-- Indexes for table `verifyemail`
--
ALTER TABLE `verifyemail`
  ADD PRIMARY KEY (`id`);

--
-- Indexes for table `withdraw`
--
ALTER TABLE `withdraw`
  ADD PRIMARY KEY (`id`);

--
-- Indexes for table `withdrawal_method`
--
ALTER TABLE `withdrawal_method`
  ADD PRIMARY KEY (`id`),
  ADD UNIQUE KEY `user_id` (`user_id`);

--
-- AUTO_INCREMENT for dumped tables
--

--
-- AUTO_INCREMENT for table `brands`
--
ALTER TABLE `brands`
  MODIFY `id` int(11) NOT NULL AUTO_INCREMENT;

--
-- AUTO_INCREMENT for table `categorys`
--
ALTER TABLE `categorys`
  MODIFY `id` bigint(11) NOT NULL AUTO_INCREMENT, AUTO_INCREMENT=25;

--
-- AUTO_INCREMENT for table `country`
--
ALTER TABLE `country`
  MODIFY `id` int(11) NOT NULL AUTO_INCREMENT, AUTO_INCREMENT=247;

--
-- AUTO_INCREMENT for table `currency_type`
--
ALTER TABLE `currency_type`
  MODIFY `id` int(11) NOT NULL AUTO_INCREMENT, AUTO_INCREMENT=9;

--
-- AUTO_INCREMENT for table `customer`
--
ALTER TABLE `customer`
  MODIFY `id` int(11) NOT NULL AUTO_INCREMENT, AUTO_INCREMENT=7;

--
-- AUTO_INCREMENT for table `deposit`
--
ALTER TABLE `deposit`
  MODIFY `id` int(11) NOT NULL AUTO_INCREMENT, AUTO_INCREMENT=35;

--
-- AUTO_INCREMENT for table `expense_history`
--
ALTER TABLE `expense_history`
  MODIFY `id` int(11) NOT NULL AUTO_INCREMENT, AUTO_INCREMENT=10;

--
-- AUTO_INCREMENT for table `failed_jobs`
--
ALTER TABLE `failed_jobs`
  MODIFY `id` bigint(20) UNSIGNED NOT NULL AUTO_INCREMENT;

--
-- AUTO_INCREMENT for table `logs`
--
ALTER TABLE `logs`
  MODIFY `id` int(11) NOT NULL AUTO_INCREMENT;

--
-- AUTO_INCREMENT for table `mystore`
--
ALTER TABLE `mystore`
  MODIFY `id` int(11) NOT NULL AUTO_INCREMENT, AUTO_INCREMENT=9;

--
-- AUTO_INCREMENT for table `mystore_history`
--
ALTER TABLE `mystore_history`
  MODIFY `id` int(11) NOT NULL AUTO_INCREMENT, AUTO_INCREMENT=10;

--
-- AUTO_INCREMENT for table `orders`
--
ALTER TABLE `orders`
  MODIFY `id` int(11) NOT NULL AUTO_INCREMENT;

--
-- AUTO_INCREMENT for table `order_history`
--
ALTER TABLE `order_history`
  MODIFY `id` int(11) NOT NULL AUTO_INCREMENT;

--
-- AUTO_INCREMENT for table `order_status`
--
ALTER TABLE `order_status`
  MODIFY `id` int(11) NOT NULL AUTO_INCREMENT, AUTO_INCREMENT=11;

--
-- AUTO_INCREMENT for table `personal_access_tokens`
--
ALTER TABLE `personal_access_tokens`
  MODIFY `id` bigint(20) UNSIGNED NOT NULL AUTO_INCREMENT;

--
-- AUTO_INCREMENT for table `posts`
--
ALTER TABLE `posts`
  MODIFY `id` int(11) NOT NULL AUTO_INCREMENT, AUTO_INCREMENT=11;

--
-- AUTO_INCREMENT for table `post_category`
--
ALTER TABLE `post_category`
  MODIFY `id` int(11) NOT NULL AUTO_INCREMENT, AUTO_INCREMENT=4;

--
-- AUTO_INCREMENT for table `product`
--
ALTER TABLE `product`
  MODIFY `id` int(11) NOT NULL AUTO_INCREMENT, AUTO_INCREMENT=41;

--
-- AUTO_INCREMENT for table `produc_categories`
--
ALTER TABLE `produc_categories`
  MODIFY `id` int(11) NOT NULL AUTO_INCREMENT, AUTO_INCREMENT=41;

--
-- AUTO_INCREMENT for table `produc_img_history`
--
ALTER TABLE `produc_img_history`
  MODIFY `id` int(11) NOT NULL AUTO_INCREMENT, AUTO_INCREMENT=187;

--
-- AUTO_INCREMENT for table `rule`
--
ALTER TABLE `rule`
  MODIFY `id` int(11) NOT NULL AUTO_INCREMENT, AUTO_INCREMENT=3;

--
-- AUTO_INCREMENT for table `service`
--
ALTER TABLE `service`
  MODIFY `id` int(11) NOT NULL AUTO_INCREMENT, AUTO_INCREMENT=7;

--
-- AUTO_INCREMENT for table `setting`
--
ALTER TABLE `setting`
  MODIFY `id` int(11) NOT NULL AUTO_INCREMENT, AUTO_INCREMENT=2;

--
-- AUTO_INCREMENT for table `sliders`
--
ALTER TABLE `sliders`
  MODIFY `id` int(11) NOT NULL AUTO_INCREMENT, AUTO_INCREMENT=5;

--
-- AUTO_INCREMENT for table `states`
--
ALTER TABLE `states`
  MODIFY `id` int(11) NOT NULL AUTO_INCREMENT, AUTO_INCREMENT=4122;

--
-- AUTO_INCREMENT for table `users`
--
ALTER TABLE `users`
  MODIFY `id` bigint(20) UNSIGNED NOT NULL AUTO_INCREMENT, AUTO_INCREMENT=4;

--
-- AUTO_INCREMENT for table `verifyemail`
--
ALTER TABLE `verifyemail`
  MODIFY `id` int(11) NOT NULL AUTO_INCREMENT, AUTO_INCREMENT=2;

--
-- AUTO_INCREMENT for table `withdraw`
--
ALTER TABLE `withdraw`
  MODIFY `id` int(11) NOT NULL AUTO_INCREMENT;

--
-- AUTO_INCREMENT for table `withdrawal_method`
--
ALTER TABLE `withdrawal_method`
  MODIFY `id` int(11) NOT NULL AUTO_INCREMENT;
COMMIT;

/*!40101 SET CHARACTER_SET_CLIENT=@OLD_CHARACTER_SET_CLIENT */;
/*!40101 SET CHARACTER_SET_RESULTS=@OLD_CHARACTER_SET_RESULTS */;
/*!40101 SET COLLATION_CONNECTION=@OLD_COLLATION_CONNECTION */;
